gpu_name,manufacturer,benchmark_score
RTX 3090 Ti,NVIDIA,29094
RTX 3080 Ti,NVIDIA,26887
RTX 3090,NVIDIA,26395
RX 6900 XT,AMD,25458
RTX 3080,NVIDIA,24853
RTX 3070 Ti,NVIDIA,23367
RX 6800 XT,AMD,23364
RTX A5000,NVIDIA,22867
RTX A6000,NVIDIA,22122
RTX 3070,NVIDIA,22093
RTX 2080 Ti,NVIDIA,21796
RTX A4500,NVIDIA,21546
RX 6800,AMD,20667
RTX 3060 Ti,NVIDIA,20206
TITAN RTX,NVIDIA,20169
Quadro RTX 6000,NVIDIA,19692
RTX 2080 SUPER,NVIDIA,19519
TITAN Xp,NVIDIA,19508
RTX 3080 Ti Laptop GPU,NVIDIA,19507
Quadro RTX 8000,NVIDIA,19126
RX 6700 XT,AMD,18993
RTX A4000,NVIDIA,18988
TITAN V,NVIDIA,18816
PRO W6800,AMD,18802
RTX 2080,NVIDIA,18732
TITAN Xp COLLECTORS EDITION,NVIDIA,18721
RTX 3070 Ti Laptop GPU,NVIDIA,18490
RTX 2070 SUPER,NVIDIA,18168
Quadro GV100,NVIDIA,17675
TITAN V CEO Edition,NVIDIA,16988
RTX 3060,NVIDIA,16958
RX 5700 XT,AMD,16892
Pro VII,AMD,16853
VII,AMD,16767
RX 5700 XT 50th Anniversary,AMD,16650
RTX 3080 Laptop GPU,NVIDIA,16522
RTX 2060 SUPER,NVIDIA,16514
RTX A4000 Laptop GPU,NVIDIA,16297
RTX A5000 Laptop GPU,NVIDIA,16273
Quadro RTX 5000,NVIDIA,16260
Tesla V100 SXM2 16GB,NVIDIA,16235
Quadro GP100,NVIDIA,16203
RTX 2070,NVIDIA,16079
RadeonT RX 6850M,AMD,15899
RX 6600 XT,AMD,15853
Quadro P6000,NVIDIA,15811
Quadro RTX 4000,NVIDIA,15515
RTX 3070 Laptop GPU,NVIDIA,15231
RTX 2080 (Mobile),NVIDIA,15107
Pro W5700,AMD,15085
Quadro RTX 5000 (Mobile),NVIDIA,14832
Pro Vega II,AMD,14738
RX 5700,AMD,14729
RX Vega 64,AMD,14636
Pro Vega 64X,AMD,14630
GTX 1070 Ti,NVIDIA,14500
RTX 2070 Super with Max Q Design,NVIDIA,14261
PRO W6600,AMD,14212
Pro WX 8200,AMD,14110
RTX 2080 Super with Max Q Design,NVIDIA,14020
RTX 2060,NVIDIA,13953
Quadro RTX 5000 with Max Q Design,NVIDIA,13893
RX 6600,AMD,13881
GTX 980 Ti,NVIDIA,13864
RX 5600 XT,AMD,13836
Vega Frontier Edition,AMD,13748
RTX A2000 12GB,NVIDIA,13688
RTX 2080 with Max Q Design,NVIDIA,13681
TITAN X,NVIDIA,13660
RX Vega 56,AMD,13636
Quadro RTX 4000 with Max Q Design,NVIDIA,13622
Tesla T10,NVIDIA,13264
RTX A3000 Laptop GPU,NVIDIA,13263
Pro WX 9100,AMD,13241
GTX TITAN X,NVIDIA,13173
RTX A2000,NVIDIA,13128
Quadro RTX 4000 (Mobile),NVIDIA,13008
Pro V520 MxGPU,AMD,12853
GTX 1660 SUPER,NVIDIA,12732
RTX 3050,NVIDIA,12718
RTX 3060 Laptop GPU,NVIDIA,12674
Pro 5700 XT,AMD,12537
Pro Vega 64,AMD,12402
Pro Vega 56,AMD,12386
RTX 2070 (Mobile),NVIDIA,12354
Quadro P5200 with Max Q Design,NVIDIA,12323
Quadro M6000 24GB,NVIDIA,12264
Quadro P5200,NVIDIA,12144
RTX 2070 with Max Q Design,NVIDIA,12062
RX 6700S,AMD,11989
Quadro P5000,NVIDIA,11976
Quadro P4200 with Max Q Design,NVIDIA,11869
Pro 5700,AMD,11844
GTX 1660 Ti,NVIDIA,11794
GTX 1660,NVIDIA,11695
Tesla M40 24GB,NVIDIA,11658
GTX 1080 with Max Q Design,NVIDIA,11507
Pro Vega 48,AMD,11504
RX 6700M,AMD,11499
Quadro P4000,NVIDIA,11422
Quadro M6000,NVIDIA,11397
RTX 2060 (Mobile),NVIDIA,11355
GTX 980,NVIDIA,11237
Quadro RTX 3000,NVIDIA,11122
Tesla T4,NVIDIA,11113
RX 5600,AMD,11030
Pro SSG,AMD,10498
Instinct MI25 MxGPU,AMD,10466
GTX 1070 (Mobile),NVIDIA,10465
Pro 5600M,AMD,10200
GTX 1660 Ti (Mobile),NVIDIA,10176
RTX A2000 Laptop GPU,NVIDIA,10148
Tesla M40,NVIDIA,10117
R9 Fury X,AMD,10088
GTX 1650 SUPER,NVIDIA,10032
GTX 1070 with Max Q Design,NVIDIA,10030
RTX A3000 12GB Laptop GPU,NVIDIA,9975
Quadro P4200,NVIDIA,9827
RTX 2060 with Max Q Design,NVIDIA,9743
R9 Fury + Fury X,AMD,9741
GTX 970,NVIDIA,9688
RX 590,AMD,9665
R9 Fury,AMD,9551
Quadro P2200,NVIDIA,9486
Ryzen 9 4900HSS,AMD,9461
RTX 3050 Ti Laptop GPU,NVIDIA,9452
RX 6500 XT,AMD,9445
Pro W5500,AMD,9269
Quadro M5000,NVIDIA,9262
Quadro P3200 with Max Q Design,NVIDIA,9242
GTX TITAN Z,NVIDIA,9189
RX 5500 XT,AMD,9188
GTX TITAN Black,NVIDIA,9140
RX 6600M,AMD,9094
Quadro P4000 with Max Q Design,NVIDIA,9083
RTX 3050 Laptop GPU,NVIDIA,9037
RX 6800M,AMD,9012
RX 580,AMD,8907
Ryzen 7 4800HS,AMD,8842
RX 5500,AMD,8817
Quadro RTX 3000 with Max Q Design,NVIDIA,8754
GTX 1060 5GB,NVIDIA,8704
RX 480,AMD,8674
Quadro P3200,NVIDIA,8663
GTX 1660 Ti with Max Q Design,NVIDIA,8646
RX590 GME,AMD,8628
Ryzen 9 4900HS,AMD,8572
Ryzen 9 5900HS,AMD,8428
R9 290X / 390X,AMD,8389
Pro Duo,AMD,8324
Pro 5500 XT,AMD,8298
15FF,Unknown,8229
GTX 1060 (Mobile),NVIDIA,8161
R9 290 / 390,AMD,8150
RX 470/570,AMD,8070
RTX 2050,NVIDIA,8007
Ryzen 5 4600HS,AMD,7942
Quadro M5500,NVIDIA,7915
GTX 1060 with Max Q Design,NVIDIA,7907
T1200 Laptop GPU,Unknown,7884
T1000,Unknown,7829
Pro WX 7100,AMD,7822
GTX 1650,NVIDIA,7807
RX 580X,AMD,7798
Tesla M60,NVIDIA,7771
RX 580 2048SP,AMD,7768
T1000 8GB,Unknown,7760
Pro 580,AMD,7753
RX 5300,AMD,7611
Pro 580X,AMD,7540
Pro 5300,AMD,7522
Tesla M6,NVIDIA,7509
GTX 1650 Ti,NVIDIA,7490
Ryzen 7 5800HS with Radeon,AMD,7391
FirePro W8100,AMD,7327
RadeonT RX 5300,AMD,7321
GTX 980M,NVIDIA,7317
Tesla P100 PCIE 16GB,NVIDIA,7225
Quadro T2000,NVIDIA,7169
RX 5600M,AMD,7157
Quadro P2000,NVIDIA,7096
Ryzen 7 4800HS with Radeon,AMD,6999
GTX 1650 (Mobile),NVIDIA,6969
RX 6400,AMD,6958
Quadro T2000 with Max Q Design,NVIDIA,6871
Quadro M5000M,NVIDIA,6807
Pro 5500M,AMD,6763
RX Vega M GH,AMD,6734
T600 Laptop GPU,Unknown,6725
GTX 970XM FORCE,NVIDIA,6707
R9 285,AMD,6680
Quadro T1000 with Max Q Design,NVIDIA,6589
Quadro P3000,NVIDIA,6572
Quadro M4000M,NVIDIA,6530
Quadro T1000,NVIDIA,6513
T600,Unknown,6509
GTX 1650 Ti with Max Q Design,NVIDIA,6342
Pro 570,AMD,6337
GTX 1050 Ti,NVIDIA,6314
FirePro S7150,AMD,6276
Pro WX Vega M GL,AMD,6049
GTX 960,NVIDIA,6042
P106 100,Unknown,5967
GTX 1050 Ti (Mobile),NVIDIA,5919
PRO W6400,AMD,5916
GTX 1650 with Max Q Design,NVIDIA,5884
Pro 5300M,AMD,5840
A16,Unknown,5797
GTX 970M,NVIDIA,5761
Pro WX 7130,AMD,5722
Quadro M3000M,NVIDIA,5678
Tesla K20m,NVIDIA,5675
A40 12Q,Unknown,5573
R9 285 / 380,AMD,5550
Pro WX 5100,AMD,5511
Tesla K20Xm,NVIDIA,5428
GTX 760 Ti OEM,NVIDIA,5427
GTX 950,NVIDIA,5392
GTX 1050 Ti with Max Q Design,NVIDIA,5372
HD 7970 / R9 280X,AMD,5248
HD 8990,AMD,5214
GTX 760 Ti,NVIDIA,5206
Ryzen 7 4800H,AMD,5178
FirePro W7100,AMD,5175
Q12U 1,Unknown,5164
R9 M295X,AMD,5150
Pro Vega 20,AMD,5117
MX550,NVIDIA,5090
Ryzen 9 5900HS with Radeon,AMD,5049
T550 Laptop GPU,Unknown,5000
R9 M395,AMD,4991
EIZO Quadro MED XN51LP,NVIDIA,4955
Barco MXRT 7600,Unknown,4944
GRID RTX6000P 6Q,NVIDIA,4777
R9 M395X,AMD,4775
HD 7950 / R9 280,AMD,4765
R9 370,AMD,4722
Pro Vega 16,AMD,4683
Quadro P2000 with Max Q Design,NVIDIA,4597
B8DKMDAP,Unknown,4557
Pro 465,AMD,4538
Quadro P1000,NVIDIA,4466
GTX 1050 (Mobile),NVIDIA,4462
P104 100,Unknown,4450
Citrix Indirect Display Adapter,Unknown,4447
Quadro M2200,NVIDIA,4342
FirePro W7000 Adapter,AMD,4340
GRID GTX P40 6,NVIDIA,4340
Barco MXRT 7500,Unknown,4319
GRID RTX6000P 4Q,NVIDIA,4283
R9 270 / R7 370,AMD,4260
GTX 775M,NVIDIA,4208
GRID V100D 8Q,Unknown,4156
RX 460,AMD,4114
HD 7800 serie,AMD,4029
RX 5500M,AMD,4010
GRID RTX8000 4Q,NVIDIA,3961
Quadro M2000,NVIDIA,3942
T400 4GB,Unknown,3887
Quadro K2200M,NVIDIA,3877
GTX 880M,NVIDIA,3876
GRID RTX8000P 2Q,NVIDIA,3843
GTX 965M,NVIDIA,3824
GTX 1050 with Max Q Design,NVIDIA,3785
Pro WX 4100,AMD,3766
MX450,NVIDIA,3743
Pro 560X,AMD,3678
Quadro P620,NVIDIA,3640
T400,Unknown,3627
T500,Unknown,3597
RX 560,AMD,3594
GRID RTX8000 2Q,NVIDIA,3574
GTX 680M KY Bullet Edition,NVIDIA,3569
RX 5300M,AMD,3562
Quadro M2000M,NVIDIA,3539
Quadro 7000,NVIDIA,3505
Tesla M10,NVIDIA,3490
Pro 560,AMD,3475
Pro 460,AMD,3453
Tesla C2050 / C2070,NVIDIA,3428
GTX 960M,NVIDIA,3419
R9 M470X,AMD,3400
GRID K520,Unknown,3399
GTX 870M,NVIDIA,3380
HD8970M,AMD,3369
E8870PCIe,AMD,3368
Quadro M1200,NVIDIA,3342
GTX 650 Ti BOOST,NVIDIA,3330
Quadro P600,NVIDIA,3324
RX Vega M GL,AMD,3315
770M,NVIDIA,3246
R9 M485X,AMD,3204
RX 560X,AMD,3181
RadeonT RX 5500M,AMD,3166
FirePro V7000,AMD,3162
FirePro W7170M,AMD,3162
Pro 555,AMD,3141
Ryzen 9 5900HX,AMD,3126
Pro 455,AMD,3113
G35 Express,Intel,3090
GTX 860M,NVIDIA,3045
EIZO MED X5000,Unknown,3038
R9 360,AMD,3032
R9 M390X,AMD,3021
R9 260,AMD,3018
Quadro M1000M,NVIDIA,2987
Ryzen 9 5900HX with Radeon,AMD,2968
FirePro W5100,AMD,2957
GRID K260Q,Unknown,2949
R9 M380,AMD,2931
Ryzen 7 PRO 4700G with Radeon,AMD,2880
Quadro K1200,NVIDIA,2874
FirePro W4300,AMD,2863
MX350,NVIDIA,2855
Pro V340 MxGPU,AMD,2853
Quadro M620,NVIDIA,2845
GRID K280Q,Unknown,2840
Ryzen 7 5800H with Radeon,AMD,2833
Custom GPU 0405,Unknown,2832
FirePro 3D V9800,AMD,2812
Iris Xe,Intel,2782
Ryzen 7 5700G,AMD,2782
Ryzen 7 PRO 5750GE,AMD,2771
Ryzen 7 5800H,AMD,2759
Quadro K4100M,NVIDIA,2756
Ryzen 9 5900H,AMD,2755
Ryzen 5 4600H,AMD,2747
GRID K2,Unknown,2737
Pro 450,AMD,2723
RX 550,AMD,2718
Ryzen 9 4900H with Radeon,AMD,2714
Ryzen 7 5700G with Radeon,AMD,2709
Barco MXRT 5500,Unknown,2702
Quadro K4000,NVIDIA,2700
Ryzen 5 5600H,AMD,2696
Ryzen 9 4900H,AMD,2685
Ryzen 7 Pro 4750G with Radeon,AMD,2682
Ryzen 7 5700GE with Radeon,AMD,2675
FirePro M6100 FireGL V,AMD,2656
FirePro R5000,AMD,2647
MONSTER GeForce GTX 675M,NVIDIA,2637
Pro WX 3100,AMD,2627
Pro,AMD,2615
Ryzen 7 PRO 5750GE with Radeon,AMD,2613
UHD 770,Intel,2611
Ryzen 7 PRO 4750G,AMD,2604
GTX 950M,NVIDIA,2602
Ryzen 5 5600GE with Radeon,AMD,2602
Ryzen 5 5600G with Radeon,AMD,2595
Ryzen 7 PRO 5750G with Radeon,AMD,2591
Ryzen 7 4700G,AMD,2580
GTX 850M,NVIDIA,2574
Ryzen 7 PRO 4750GE with Radeon,AMD,2550
MX330,NVIDIA,2547
Ryzen 5 5600G,AMD,2545
GRID K240Q,Unknown,2541
UHD P630,Intel,2541
HD 6850 X2,AMD,2534
Ryzen 9 5980HS with Radeon,AMD,2534
N18E Q1,Unknown,2525
MX250,NVIDIA,2515
Ryzen 5 PRO 5650G with Radeon,AMD,2513
Ryzen 7 4700GE,AMD,2508
Ryzen 5 PRO 5650GE with Radeon,AMD,2506
Ryzen 7 4700GE with Radeon,AMD,2496
GTX 950A,NVIDIA,2483
Ryzen 7 5800U with Radeon,AMD,2467
Pro WX 3200,AMD,2456
Ryzen 7 PRO 5850U with Radeon,AMD,2440
FirePro 3D V8800,AMD,2438
Ryzen 5 PRO 4650G,AMD,2418
GTX 960A,NVIDIA,2411
P106 090,Unknown,2402
RX Vega 11 PRD,AMD,2402
Ryzen 3 4300GE with Radeon,AMD,2402
Ryzen 5 Pro 4650G with Radeon,AMD,2395
Ryzen 5 5600H with Radeon,AMD,2387
Ryzen 3 5300GE with Radeon,AMD,2386
RX 550X,AMD,2370
Ryzen 5 PRO 5650GE,AMD,2363
Ryzen 7 4800U with Radeon,AMD,2344
Ryzen 3 PRO 5350G with Radeon,AMD,2341
Ryzen 3 PRO 5350GE with Radeon,AMD,2341
Ryzen 7 PRO 5850U,AMD,2333
Ryzen 7 5800U,AMD,2321
MX150,NVIDIA,2310
Ryzen 3 4300GE,AMD,2306
Ryzen 5 PRO 4400G with Radeon,AMD,2306
Ryzen 7 Microsoft Surface Edition,AMD,2298
Ryzen 7 5700U with Radeon,AMD,2289
R9 M470,AMD,2288
Ryzen 7 4800U,AMD,2273
Pro Ryzen 7 PRO 5850U,AMD,2271
HD 8950,AMD,2267
HD 5870,AMD,2266
HD 5970,AMD,2249
FirePro V8800,AMD,2223
Ryzen 3 5300G with Radeon,AMD,2223
Ryzen 5 PRO 5650G,AMD,2212
HD 7770,AMD,2204
Ryzen 7 PRO 4750GE,AMD,2200
Ryzen 3 Pro 4350G with Radeon,AMD,2190
Ryzen 7 4700G with Radeon,AMD,2187
Ryzen 5 4600G,AMD,2186
RadeonT R7 450,AMD,2185
Ryzen 5 PRO 5650U with Radeon,AMD,2184
Ryzen 3 PRO 4350GE with Radeon,AMD,2181
GTX 745,NVIDIA,2175
Iris Pro P580,Intel,2169
Ryzen 3 PRO 4350G,AMD,2162
Ryzen 5 5600U with Radeon,AMD,2160
Ryzen 7 Extreme Edition,Unknown,2158
Ryzen 7 PRO 5750G,AMD,2154
Ryzen Embedded V2718,AMD,2149
Ryzen 5 PRO 5650U,AMD,2138
Ryzen 7 4850U Mobile,AMD,2138
RX Vega 11,AMD,2137
Quadro P520,NVIDIA,2126
Ryzen 7 4800H with Radeon,AMD,2113
TM R9 A360,AMD,2105
Ryzen 5 Microsoft Surface Edition,AMD,2093
GTX 560 SE,NVIDIA,2087
Ryzen 5 4600G with Radeon,AMD,2062
Ryzen 7 4700U,AMD,2044
Ryzen 5 PRO 4650GE,AMD,2038
Ryzen 7 4700U with Radeon,AMD,2033
Ryzen 7 PRO 4750U with Radeon,AMD,2028
Ryzen 7 PRO 4750U,AMD,2024
R9 M385,AMD,2018
Ryzen 5 5600U,AMD,2015
Pro W5500M,AMD,2010
Quadro M600M,NVIDIA,2008
Ryzen 5 PRO 4500U with Radeon,AMD,2008
R9 350,AMD,2007
GT 645,NVIDIA,2006
Ryzen 5 5500U with Radeon,AMD,2001
Iris Pro 580,Intel,1993
R7 + R7 350 Dual,AMD,1982
Quadro M520,NVIDIA,1981
Ryzen 5 PRO 4650GE with Radeon,AMD,1977
Iris Xe MAX,Intel,1973
HD 5850,AMD,1966
R7 450,AMD,1966
R7 + HD 7700 Dual,AMD,1962
UHD ReleaseInternal,Intel,1959
550,AMD,1959
HD 7660D + HD 7700 Dual,AMD,1958
Ryzen 5 4600U with Radeon,AMD,1951
945M,NVIDIA,1945
Ryzen 5 4600H with Radeon,AMD,1939
Pro WX 4150,AMD,1935
R9 M385X,AMD,1929
RX 570X,AMD,1923
HD 7560D + 7700 Dual,AMD,1919
Matrox C680 PCIe x16,Unknown,1904
Ryzen 3 4300G with Radeon,AMD,1903
HD 7700 serie,AMD,1899
MX130,NVIDIA,1895
HD 8670D + HD 7700 Dual,AMD,1892
MX230,NVIDIA,1884
Pro WX 4130,AMD,1881
FirePro 3D V7800,AMD,1867
GTX 645,NVIDIA,1858
945A,NVIDIA,1852
Iris Plus,Intel,1850
Vega 11,AMD,1847
R9 M375X,AMD,1843
FirePro M5100 FireGL V,AMD,1839
HD 8570D + HD 7700 Dual,AMD,1835
MxGPU,Unknown,1826
FirePro M6000,AMD,1820
Ryzen 5 4500U with Radeon,AMD,1813
Matrox C900 PCIe x16,Unknown,1812
RadeonT RX 560X,AMD,1810
GTX 555,NVIDIA,1807
RadeonT 540X,AMD,1804
Ryzen 5 4600U,AMD,1802
HD 8870M / R9 M270X / M370X,AMD,1800
RX Vega 11 Processor,AMD,1800
Ryzen 5 4500U,AMD,1800
Ryzen 3 PRO 4200G with Radeon,AMD,1799
Embedded Radeon E9173,AMD,1798
Iris 650,Intel,1795
RX 540,AMD,1793
HD 8670D + 7700 Dual,AMD,1789
Ryzen 3 PRO 4200GE with Radeon,AMD,1784
UHD 750,Intel,1775
Iris Plus 655,Intel,1772
GTX 650,NVIDIA,1769
Pro WX 2100,AMD,1755
R9 M360,AMD,1753
FirePro W600,AMD,1752
UHD P750,Intel,1744
Iris Plus 645,Intel,1742
Ryzen 3 5400U with Radeon,AMD,1734
RX Vega11,AMD,1717
Ryzen 3 PRO 4200GE,AMD,1712
HD 6900M,AMD,1710
FirePro M6000 Mobility Pro,AMD,1709
Ryzen 5 PRO 4650U,AMD,1699
HD 7750,AMD,1696
Ryzen 5 PRO 4650U with Radeon,AMD,1696
RX Vega 10,AMD,1694
Qualcomm Adreno 8cx Gen 3,Qualcomm,1670
R7 M380,AMD,1669
Vega 9,AMD,1669
Iris Pro P6300,Intel,1654
HD HD7850M,AMD,1652
E8860,AMD,1626
Ryzen 3 5300U with Radeon,AMD,1626
R7 M465X,AMD,1624
Ryzen 7 2700U with Radeon Vega,AMD,1617
Quadro K2000D,NVIDIA,1614
Quadro P400,NVIDIA,1614
Seria Radeon HD 7700,AMD,1604
Ryzen 3 4300G,AMD,1596
Vega 8,AMD,1593
FirePro M4000 Mobility Pro,AMD,1591
UHD,Intel,1582
Iris Plus 650,Intel,1575
R9 M275X / M375,AMD,1575
Quadro K2000,NVIDIA,1567
RadeonT RX 640,AMD,1565
Vega 10,AMD,1557
Ryzen 3 PRO 5450U with Radeon,AMD,1556
Firepro W5170M,AMD,1555
HD 7560D + HD 6670 Dual,AMD,1555
UHD 730,Intel,1553
RX Vega 8,AMD,1552
HD 8470D + HD 7500 Dual,AMD,1545
Ryzen 3 PRO 4300U with Radeon,AMD,1543
FirePro W4100,AMD,1541
Ryzen 3 PRO 4450U with Radeon,AMD,1538
RX 640,AMD,1537
FirePro W6150M,AMD,1515
Quadro P500,NVIDIA,1508
Ryzen 3 PRO 4450U,AMD,1505
940MX,NVIDIA,1503
Ryzen 5 2500U with Radeon Vega,AMD,1503
HD 6670 + 7660D Dual,AMD,1492
HD 7660D + HD 6670 Dual,AMD,1485
R9 255,AMD,1485
R9 M365X,AMD,1482
MX110,NVIDIA,1469
Vega 10 Mobile,AMD,1465
Ryzen 3 PRO 4350GE,AMD,1464
Ryzen 5 PRO 4400GE with Radeon,AMD,1442
Vega 8 Mobile,AMD,1438
HD 8470D + HD 6670 Dual,AMD,1436
845M,NVIDIA,1430
550X,AMD,1430
Iris Pro Graphics 6200,Intel,1429
HD 7560D + 7670 Dual,AMD,1426
R7 M370,AMD,1418
Ryzen 5 4600GE,AMD,1412
Pro WX 4170,AMD,1409
Ryzen 3 PRO 5350G,AMD,1408
Ryzen 3 5300G,AMD,1406
540X,AMD,1398
HD 7560D + HD 7670 Dual,AMD,1380
R7 PRO A12 8870,AMD,1376
R9 M370X,AMD,1374
FirePro M40003,AMD,1364
HD 5770,AMD,1351
Quadro K2100M,NVIDIA,1348
Ryzen 3 4300U with Radeon,AMD,1348
HD 7560D + HD 7700 Dual,AMD,1347
Iris 550,Intel,1344
FirePro W5130M,AMD,1341
Iris Plus 640,Intel,1333
HD 8670D + HD 7600 Dual,AMD,1318
R7 PRO A8 8670E,AMD,1310
Ryzen 3 4300U,AMD,1310
Tesla M2070 Q,NVIDIA,1306
930MX,NVIDIA,1302
Ryzen Embedded V2748,AMD,1296
Vega 6,AMD,1296
UHD 630,Intel,1293
R7 A370,AMD,1281
R7 A10 7870K,AMD,1280
540,AMD,1273
FirePro 3D V8750,AMD,1272
HD 8570D + HD 6670 Dual,AMD,1261
HD 7560D + HD 7600 Dual,AMD,1258
Iris 540,Intel,1257
630,AMD,1245
Quadro 2000 D,NVIDIA,1239
HD 8570D + 6570 Dual,AMD,1239
HD 7660D + 6670 Dual,AMD,1238
HD P630,Intel,1237
HD 7560D + HD 6570 Dual,AMD,1237
GPU,NVIDIA,1236
R7 + R5 340 Dual,AMD,1235
FirePro 3D V5800,AMD,1232
R7 + R7 250 Dual,AMD,1232
HD 8670D + HD 6670 Dual,AMD,1222
HD 8790M / R9 M290X,AMD,1211
FirePro 3D V8700,AMD,1206
N16P GX,Unknown,1205
HD 7660D + 7540D Dual,AMD,1204
HD P530,Intel,1202
R7 +8G,AMD,1191
Ryzen 3 5400U,AMD,1183
840A,NVIDIA,1180
R7 Opteron X3421,AMD,1169
Barco MXRT 5400,Unknown,1161
Coffee Lake UHD,Intel,1158
Quadro K620M,NVIDIA,1157
HD 5750,AMD,1156
R7 250,AMD,1151
625,AMD,1150
940A,NVIDIA,1145
GT 745A,NVIDIA,1144
Ryzen 3 PRO 5450U,AMD,1143
NVS 810,Unknown,1141
HD 8850M / R9 M265X,AMD,1140
R7 A10 9700E RADEON,AMD,1138
HD 4850 X2,AMD,1132
HD 7560D + 6670 Dual,AMD,1131
R7 + R7 200 Dual,AMD,1129
R7 FX 9830P RADEON,AMD,1127
HD 8650G + 7700M Dual,AMD,1126
HD 7660D + 7500 Dual,AMD,1121
HD 630,Intel,1118
R7 PRO A12 9800,AMD,1117
R9 M275,AMD,1115
R7 430,AMD,1110
UHD 710,Intel,1107
940M,NVIDIA,1106
Quadro 2100M,NVIDIA,1100
HD 7660D + 6570 Dual,AMD,1100
Quadro M500M,NVIDIA,1098
GT 545,NVIDIA,1096
R5 PRO A6 9500 2C+6G,AMD,1096
GTX 850M MODDED,NVIDIA,1092
920MX,NVIDIA,1088
Firepro W4190M,AMD,1086
930A,NVIDIA,1082
MIRRORV3,Unknown,1081
Barco MXRT 5450,Unknown,1079
HD 8450G + 8600/8700M Dual,AMD,1070
FirePro M4170,AMD,1067
840M,NVIDIA,1067
"R5 PRO A6 8570 R5, 8 COMPUTE CORES 2C+6G",AMD,1064
HD 7520G + 7700M Dual,AMD,1061
GTX 760A,NVIDIA,1060
Firepro M4100,AMD,1059
OPAL XT/GL,Unknown,1053
GTX 850A,NVIDIA,1050
R7 PRO A8 9600,AMD,1049
535,AMD,1048
R7 A12 9730P RADEON,AMD,1047
R7 + R7 240 Dual,AMD,1045
HD 8570D + 6670 Dual,AMD,1040
R7 M460,AMD,1038
UHD Graphics 620,Intel,1037
HD 8570D + HD 8570 Dual,AMD,1033
HD 8600/8700M,AMD,1030
Vega 3 Mobile,AMD,1029
R7 + R5 330 Dual,AMD,1028
R7 M350,AMD,1027
R9 A375,AMD,1024
Iris Pro 5200,Intel,1020
HD 8670D + R7 240 Dual,AMD,1020
HD 6700M,AMD,1017
RadeonT R5 430,AMD,1016
R5 A6 9500E 2C+4G,AMD,1015
930M,NVIDIA,1011
830A,NVIDIA,1005
HD 7660G + HD 7500/7600 7500/7600 Dual,AMD,1002
"R5 PRO A6 9500 R5, 8 COMPUTE CORES 2C+6G",AMD,1000
FirePro M4150,AMD,999
HD 7660G + HD 7500M/7600M Dual,AMD,999
HD 8570D + R7 200 Dual,AMD,999
HD 7640G + HD 8750M Dual,AMD,997
R5 340,AMD,996
HD 8570,AMD,991
R7 A12 9800 RADEON,AMD,989
HD 7560D + 7570 Dual,AMD,985
HD 530,Intel,984
HD 7560D + 7560D Dual,AMD,983
R7 A10 7850K,AMD,982
R5 A10 9630P 4C+6G,AMD,977
830M,NVIDIA,976
R7 A10 9700 RADEON,AMD,975
FirePro V4900,AMD,974
HD 8670D + 8570 Dual,AMD,974
R6 A10 9600P 4C+6G,AMD,970
HD 7660G N HD 7660G + HD 7700M N HD 7700M D,AMD,967
R7 M465,AMD,965
HD 8570D + R7 240 Dual,AMD,964
R7 M270DX,AMD,962
R7 PRO A12 8870E,AMD,962
R7 A10 PRO 7850B,AMD,958
R6 Opteron X3418,AMD,955
R7 A265,AMD,955
Qualcomm Adreno 690 GPU,Qualcomm,952
HD 8670D + R7 200 Dual,AMD,950
HD 8570 + HD 7660D Dual,AMD,949
R7 A8 7500,AMD,948
HD 6670/7670,AMD,946
HD 7640G + 7690M Dual,AMD,946
530,AMD,945
R7 PRO A10 8850B,AMD,945
zxcvIntel HD 620,Intel,944
HD 7660D + R7 240 Dual,AMD,942
R7 A12 9800E RADEON,AMD,941
R7 PRO A12 9800E,AMD,940
R5 430,AMD,939
HD 7560D + HD 8570 Dual,AMD,936
R7 PRO A10 9700E,AMD,933
HD 7660G + 7730M Dual,AMD,931
R7 340,AMD,931
R7 PRO A10 8770,AMD,931
R7 240 + HD 8670D Dual,AMD,930
Radeon. HD 7730M,AMD,928
Iris Pro 6100,Intel,925
HD Graphics 620,Intel,923
R9 M280X,AMD,922
R7 240 + HD 8570D Dual,AMD,918
R7 A8 8650,AMD,913
R7 M445,AMD,913
GRID K220Q,Unknown,912
R7 A10 7860K,AMD,912
6750M,AMD,911
Iris 6100,Intel,907
HD 4770,AMD,906
Barco MXRT 7400,Unknown,901
HD 8550G + 7600M Dual,AMD,901
Barco MXRT 2600,Unknown,900
R7 + R5 Dual,AMD,898
R7 PRO A10 8770E,AMD,897
7900 MOD Radeon HD 6550D,AMD,893
UHD 620,Intel,889
Vega 3,AMD,889
R7 + R5 435 Dual A10 9700 RADEON,AMD,886
R7 A10 8750,AMD,885
HD 8650G + 7670M Dual,AMD,884
R7 M365X,AMD,884
R7 PRO A12 8830B,AMD,883
HD 7660G + HD 7730M Dual,AMD,882
"R5 A6 9500 RADEON R5, 8 COMPUTE CORES 2C+6G",AMD,878
E6760,AMD,877
LMIMIRR,Unknown,875
920A,NVIDIA,872
R7 G,AMD,870
HD 8570D + HD 6570 Dual,AMD,868
HD 520,Intel,866
"R5 PRO A6 8570E R5, 6 COMPUTE CORES 2C+4G",AMD,866
R7 A8 7670K,AMD,866
HD 8470D + HD 6450 Dual,AMD,863
R7 240,AMD,863
R7 M440,AMD,862
HD 4830,AMD,860
HD 8550G + HD 7600M Dual,AMD,855
FirePro 3D V4800,AMD,854
HD 8500M/8700M,AMD,853
R5 A6 9500 2C+6G,AMD,853
R7 A8 7500 4C+6G,AMD,853
GT 635,NVIDIA,852
HD 6000,Intel,851
UHD 617,Intel,848
R5 PRO A6 8570 2C+6G,AMD,847
R5 435,AMD,841
620,AMD,840
HD 8470D + 6570 Dual,AMD,838
HD 8670D + R5 235 Dual,AMD,837
HD 6650A,AMD,836
520,AMD,833
HD 7520G + HD 7500/7600 Dual,AMD,832
HD 7660G + 7600M Dual,AMD,832
HD 8650G + 8600/8700M Dual,AMD,832
HD 5200,Intel,830
3DP Edition,Unknown,827
HD 7640G N HD 7640G + HD 7600M N HD 7600M D,AMD,824
HD 7540D + 7500 Dual,AMD,822
R7 M260DX,AMD,822
HD 8650G + HD 7600M Dual,AMD,820
R7 A10 Extreme Edition,AMD,816
535DX,AMD,813
HD 8670D + 7000 Dual,AMD,812
GRID K1,Unknown,811
R5 A6 7480,AMD,811
R8 M445DX,AMD,806
HD 8550G + 8600/8700M Dual,AMD,803
HD 8650G + HD 8790M Dual,AMD,800
R7 A8 9600 RADEON,AMD,798
HD 8550G + 8750M Dual,AMD,796
HD 8650G N HD 8650G + HD 8600/8700M Dual,AMD,796
R5 M435,AMD,796
HD 8650G + 8750M Dual,AMD,787
HD 5670,AMD,784
R7 A8 7600,AMD,782
R7 A10 7890K,AMD,781
R7 A365,AMD,781
R7 PRO A6 9500 2C+6G,AMD,781
HD 8650G + HD 8750M Dual,AMD,779
HD 7660G + HD 7700M Dual,AMD,777
HD 7640G + 7500M/7600M Dual,AMD,776
R7 FX 8800P,AMD,775
RadeonT Vega 3,AMD,775
Mobility Radeon HD 5000,AMD,773
HD 7600M + 7600M Dual,AMD,773
HD 8650G N HD 8650G + HD 8570M Dual,AMD,773
R7 A10 8850,AMD,773
R5 PRO A6 9500E 2C+4G,AMD,771
R7 PRO A10 9700,AMD,771
730A,NVIDIA,769
825M,NVIDIA,769
HD 4810,AMD,769
HD 8650G + HD 8600/8700M Dual,AMD,764
HD 6450 + 8470D Dual,AMD,763
R9 M375,AMD,763
UHD 615,Intel,760
HD 7660G + HD 7500/7600 Dual,AMD,760
R7 A12 9720P RADEON,AMD,759
Iris 5100,Intel,758
HD 7660G + HD 8500M Dual,AMD,758
HD 8650G + HD 8600M N HD 8600M Dual,AMD,758
R7 PRO A10 8750B,AMD,758
R7 PRO A10 9700B,AMD,758
HD 7660G + 7700M Dual,AMD,757
Quadro 1100M,NVIDIA,755
HD 7640G + 7450M Dual,AMD,754
HD 8570D + HD 7000 Dual,AMD,753
R7 A8 7680,AMD,752
IncrediblE HD 4600,Unknown,750
M535DX,AMD,750
R7 A10 7700K,AMD,749
HD 7640G + 7650M Dual,AMD,747
HD 7660G + HD 8600/8700M Dual,AMD,747
HD 7660G + 7610M Dual,AMD,746
HD 8670D + R5 330 Dual,AMD,746
R5 235 + HD 7560D Dual,AMD,744
GT 730A,NVIDIA,743
HD 7660G + 7670M Dual,AMD,743
HD 8650G + 7600M Dual,AMD,742
R7 PRO A8 8650B,AMD,740
Poison Ivy,Intel,739
HD 7670M + 7670M Dual,AMD,738
R5 235 + HD 8570D Dual,AMD,738
R5 A10 9620P 4C+6G,AMD,732
NVS 510,Unknown,730
UHD 610,Intel,729
HD 7550M/7650M,AMD,729
GRID K140Q,Unknown,728
R7 FX 9800P RADEON,AMD,727
HD 6800M,AMD,726
720A,NVIDIA,725
HD 615,Intel,724
920M,NVIDIA,723
HD 7660G N HD 7660G + HD 7600M N HD 7600M D,AMD,723
HD 8650G + R5 M200 Dual,AMD,723
R7 PRO A12 9800B,AMD,722
Asus GTX 650 FML II EC EGPU,NVIDIA,721
HD 7540D + 6570 Dual,AMD,720
HD 8670D + HD 7000 Dual,AMD,719
"R5 PRO A8 9600B R5, 10 COMPUTE CORES 4C+6G",AMD,718
HD 8470D + 6450 Dual,AMD,717
HD 8650G + HD 8570M Dual,AMD,716
"R5 A10 9600P RADEON R5, 10 COMPUTE CORES 4C",AMD,716
HD 5600,Intel,712
HD 7660G + HD 8670M Dual,AMD,711
HD 6550A,AMD,708
HD 7660G + HD 7670M Dual,AMD,707
HD 7640G + 7600M Dual,AMD,706
HD 7660G N HD 7660G + HD 7670M Dual,AMD,705
Tesla K40m,NVIDIA,705
HD 7640G + HD 7600M Dual,AMD,704
R7 A8 7650K,AMD,704
R7 A12 9700P RADEON,AMD,703
GT 740A,NVIDIA,702
HD 7570M/HD 7670M,AMD,699
TRINITY DEVASTATOR MOBILE,Unknown,699
R5 PRO A10 8730B 4C+6G,AMD,695
R5 PRO A6 9500B 2C+4G,AMD,693
HD 7640G + 7700M Dual,AMD,691
R7 A10 7800,AMD,691
R5 PRO A6 8530B 2C+4G,AMD,690
R7E,AMD,690
HD 7640G + 8600/8700M Dual,AMD,689
HD 8650G + R5 M230 Dual,AMD,686
HD 8550D,AMD,685
HD 7640G N HD 7640G + HD 7670M Dual,AMD,680
HD 8650G N HD 8650G + HD 8600M N HD 8600M D,AMD,680
HD 7640G + HD 8670M Dual,AMD,677
Quadro FX 4700 X2,NVIDIA,676
HD 8610G + R5 M200 Dual,AMD,676
R7 A360,AMD,676
HD 610,Intel,673
R8 M535DX,AMD,670
HD 7640G + HD 8500M N HD 8500M Dual,AMD,666
Quadro 500M,NVIDIA,664
HD 8550G + 8690M Dual,AMD,664
HD 5600/5700,AMD,661
HD 2900 XT,AMD,660
R5 PRO A8 9600B 4C+6G,AMD,659
HD 7640G + 8750M Dual,AMD,655
HD 8550G + HD 8600/8700M Dual,AMD,655
Professional HD Driver,Unknown,654
HD 8650G + 8570M Dual,AMD,654
HD 7520G + HD 8750M Dual,AMD,651
SUMO 9640,Unknown,650
R5 M430,AMD,649
HD 6670 + 6670 Dual,AMD,647
HD 8610G + HD 8500M Dual,AMD,646
R7 M340,AMD,646
HD 7640G + 7670M Dual,AMD,645
HD 7540D + HD 6450 Dual,AMD,643
R7 PRO A12 8800B,AMD,642
R5 PRO A6 8570E 2C+4G,AMD,638
HD 7640G + 7400M Dual,AMD,637
HD 8450G + 8750M Dual,AMD,637
9800 S,NVIDIA,636
Matrox C420 LP PCIe x16,Unknown,635
HD 8650G + 8670M Dual,AMD,635
HD 7660D + HD 7000 Dual,AMD,634
HD 8650G + HD 7670M Dual,AMD,634
9800 GTX/9800 GTX+,NVIDIA,632
HD 7640G + HD 7700M N HD 7700M Dual,AMD,631
HD 7660G + 7470M Dual,AMD,631
HD 8510G + HD 8500M Dual,AMD,630
GRID K160Q,Unknown,628
Quadro FX 3800M,NVIDIA,628
HD 2900 PRO,AMD,628
GT 820M,NVIDIA,627
HD 4600,Intel,627
HD 7640G + 7500/7600 Dual,AMD,627
HD 8650G + 8500M Dual,AMD,627
R7 A8 PRO 7600B,AMD,627
"R5 A10 9620P RADEON R5, 10 COMPUTE CORES 4C",AMD,626
HD P4600/P4700,Intel,624
HD 7520G + HD 8600/8700M Dual,AMD,624
R5 A6 8500P,AMD,624
HD 515,Intel,623
810A,NVIDIA,622
HD 7640G + HD 7400M Dual,AMD,621
HD 8570 + 8670D Dual,AMD,620
HD 510,Intel,619
HD 8550G + R5 M200 Dual,AMD,619
R5 A10 9600P 4C+6G,AMD,619
HD 8550G + 8600M Dual,AMD,618
HD 7500G + 7500M/7600M Dual,AMD,617
HD 7660G + HD 7600M Dual,AMD,616
HD 8650G + 8600M Dual,AMD,613
HD 8550G N HD 8550G + HD 8600M N HD 8600M D,AMD,612
7900 MOD Radeon HD 6520G,AMD,610
Quadro K510M,NVIDIA,610
HD 8610G + 8500M Dual,AMD,610
HD 7640G + HD 8500M Dual,AMD,607
HD 8650G + HD 8600M Dual,AMD,606
HD P4600,Intel,605
"R5 A6 9400 RADEON R5, 6 COMPUTE CORES 2C+4G",AMD,605
HD 8550G + 8500M Dual,AMD,603
GT 720A,NVIDIA,601
HD 8610G + 8670M Dual,AMD,600
"R5 PRO A10 8730B R5, 10 COMPUTE CORES 4C+6G",AMD,598
8800 GTX,NVIDIA,597
HD 8510G + 8500M Dual,AMD,596
R5 M330,AMD,596
HD 7640G + 7470M Dual,AMD,595
HD 8550G + HD 8600M Dual,AMD,594
8800 GTS 512,NVIDIA,591
HD 7520G + 7600M Dual,AMD,591
HD 7640G + HD 7700M Dual,AMD,589
HD 8610G + 8600M Dual,AMD,589
HD 7520G + 7610M Dual,AMD,588
HD 7660G + 7400M Dual,AMD,588
HD 7660G + 8670M Dual,AMD,588
HD 7640G + HD 8600/8700M Dual,AMD,587
HD 7640G + 8500M Dual,AMD,586
HD 8650G + HD 8670M Dual,AMD,585
HD 5500,Intel,582
HD 7520G + 7500/7600 Dual,AMD,582
"R5 A10 9630P RADEON R5, 10 COMPUTE CORES 4C",AMD,580
HD 8550G + 8670M Dual,AMD,579
910M,NVIDIA,578
HD 8450G + R5 M230 Dual,AMD,578
Skylake HD DT GT2,Intel,577
HD 7620G + 8670M Dual,AMD,577
R5 A240,AMD,576
HD 7520G + HD 7700M Dual,AMD,575
HD 7520G N HD 7520G + HD 7500/7600 7500/760,AMD,575
HD 8450G + HD 8670M Dual,AMD,575
R5 420,AMD,575
i gfx driver ci master 9938 DCH I,Intel,573
R6 M255DX,AMD,572
"R6 PRO A8 8600B R6, 10 Compute Cores 4C+6G",AMD,572
R6 + R7 M265DX Dual,AMD,571
HD 7560D + 6450 Dual,AMD,569
820A,NVIDIA,568
HD 6610M,AMD,565
HD 5000,Intel,563
HD 7560D + R5 235 Dual,AMD,563
R7 A10 PRO 7800B,AMD,562
HD 7640G + R5 M200 Dual,AMD,559
HD 8550G + HD 8500M Dual,AMD,559
HD 7640G + 8570M Dual,AMD,558
HD 7640G + 8670M Dual,AMD,558
HD 7600G + HD 7500M/7600M Dual,AMD,555
GF117,Unknown,554
615,NVIDIA,552
R7 M360,AMD,552
R7 7850A10 7850K,AMD,551
FireGL V8650,Unknown,550
R5 M335,AMD,549
HD 8670D,AMD,548
FirePro 3D V5700,AMD,547
HD 8550G + HD 8670M Dual,AMD,546
FirePro 3D V7750,AMD,545
HD 7520G + HD 7400M Dual,AMD,545
HD 8450G + 8600M Dual,AMD,545
Mobility Radeon HD 5570,AMD,544
HD 7600G + HD 8670M Dual,AMD,544
Quadro FX 2700,NVIDIA,543
HD 7520G + 7470M Dual,AMD,543
R6 A10 8700P,AMD,541
KV SPECTRE LITE MOBILE 25W,Unknown,538
R6 PRO A10 8700B 4C+6G,AMD,538
GRID K180Q,Unknown,534
HD 7560D + HD 7000 Dual,AMD,534
HD 8550G + 8570M Dual,AMD,533
HD6530D,AMD,532
R6 PRO A8 8600B 4C+6G,AMD,532
HD 8550G + HD 8570M Dual,AMD,529
HD 7640G + 6400M Dual,AMD,527
HD 7600G N HD 7600G + HD ON HD Dual,AMD,526
HD 8650D,AMD,526
"R6 PRO A10 8700B R6, 10 Compute Cores 4C+6G",AMD,526
HD 7660D + R5 235 Dual,AMD,524
HD 7520G + 7670M Dual,AMD,523
HD 4400,Intel,521
MCT USB3.0 External Device,Unknown,520
R5 240,AMD,520
HD 7640G + HD 7670M Dual,AMD,519
IncrediblE HD 4000,Unknown,517
HD P4000,Intel,516
A10 8700P,Unknown,514
6600M,AMD,513
R5 330,AMD,513
Mobility Radeon HD 4830,AMD,512
820M,NVIDIA,511
HD 7640G + 7610M Dual,AMD,510
HD 7600G + HD 7550M Dual,AMD,509
HD 7620G + 8600M Dual,AMD,509
R5 PRO A6 8500B 2C+4G,AMD,508
HD 7620G + HD 8670M Dual,AMD,507
9600 GT,NVIDIA,505
HD 7660D,AMD,504
HD 8450G + HD 8750M Dual,AMD,504
R7 M265DX,AMD,499
SUMO 964A,Unknown,498
TRINITY SCRAPPER MOBILE,Unknown,498
HD 7500G + 7550M Dual,AMD,497
ASUS EAH4870x2,Unknown,496
HD 7520G + HD 7670M Dual,AMD,495
GT625M,NVIDIA,493
Vega 2,AMD,491
HD8530M,AMD,490
HD 8670D N HD 8670D + HD 8670D Dual,AMD,489
HD 8550G + R5 M230 Dual,AMD,488
HD 7520G + 7400M Dual,AMD,487
R4E,AMD,487
HD 8610G + HD 8600M Dual,AMD,481
Mobility Radeon HD 5000 Serisi,AMD,479
HD 8650G,AMD,479
Mobility Radeon HD 3870 X2,AMD,478
HD 7660G,AMD,476
R5 M315,AMD,476
HD 7640G + HD 8570M Dual,AMD,475
HD 8450G + 8670M Dual,AMD,475
R6 A8 8600P,AMD,475
HD 5570,AMD,473
"R5 PRO A6 9500B R5, 6 COMPUTE CORES 2C+4G",AMD,473
FirePro 3D V3800,AMD,472
HD 7560D,AMD,472
HD 8570D + R5 235 Dual,AMD,471
HD 7600G + 8500M/8700M Dual,AMD,470
R5 M420,AMD,470
800M,NVIDIA,468
HD 7660D + 7470 Dual,AMD,466
HD 8690A,AMD,466
SUMO 9644,Unknown,466
Mobility Radeon HD 4670,AMD,463
HD 7660G + HD 7600M N HD 7600M Dual,AMD,460
705M,NVIDIA,456
HD 7520G + 7650M Dual,AMD,453
HIS DIGITAL HD 4650 AGP,Unknown,452
HD 7620G N HD 7620G + HD 8600M N HD 8600M D,AMD,452
HD 8450G + HD 8600M Dual,AMD,452
710A,NVIDIA,451
HD Family,Intel,451
Qualcomm Adreno 680 GPU,Qualcomm,449
HD 7640G,AMD,448
HD 7520G + HD 7600M Dual,AMD,447
HD 7660G + 8600M Dual,AMD,446
PHDGD Ivy 5,Unknown,445
GT 710M,NVIDIA,444
HD 7620G + HD 8600M Dual,AMD,443
HD 8350G,AMD,443
HD 7600G + HD Dual,AMD,435
HD 8410G,AMD,435
HD 8570D,AMD,434
800A,NVIDIA,428
HD 7640G + HD 7500/7600 Dual,AMD,424
HD 7600G + 7550M Dual,AMD,423
HD 7640G N HD 7640G + HD 8570M Dual,AMD,423
HD6410D,AMD,423
4th Generation Haswell HD,Intel,420
R5 M320,AMD,418
HD 6550D,AMD,417
HD 8610G,AMD,414
HD 7640G + HD 7600M N HD 7600M Dual,AMD,407
FirePro M2000,AMD,406
HD 7600G + 7500M/7600M Dual,AMD,406
E4690,AMD,405
HD 8550G,AMD,403
810M,NVIDIA,402
HD 8500M,AMD,397
R5 Opteron X3216,AMD,394
HD 7600G + 7450M Dual,AMD,390
IncrediblE HD,Unknown,389
HD 5300,Intel,389
HD 4670,AMD,384
HD 5550,AMD,383
HD 7520G + 8750M Dual,AMD,377
HD 7600G + 6400M Dual,AMD,377
PHDGD Ivy 4,Unknown,374
HD 8570D + HD8490 Dual,AMD,374
UHD 605,Intel,370
GT 610M / GT 620M / GT 710M / GT 720M / GT,NVIDIA,369
Matrox Millennium P690 PCIe x16,Unknown,367
HD 7620G,AMD,366
HD4670,AMD,366
HD 7520G N HD 7520G + HD 7600M N HD 7600M D,AMD,365
HD 7660G + HD 8600M Dual,AMD,364
HD 8470D,AMD,362
HD 8450G,AMD,361
HD 8510G,AMD,361
HD 7500G + HD 7500M/7600M Dual,AMD,356
HD 6620G,AMD,355
HD 6480M,AMD,353
HD 7580D,AMD,351
9600 GSO 512,NVIDIA,345
FirePro 3D V3750,AMD,341
HD 8310E,AMD,341
HD 7660D + HD 7400 Dual,AMD,340
HD 505,Intel,339
HD 8570D + HD 8470 Dual,AMD,338
HD 7540D,AMD,336
FirePro RG220,AMD,335
HD 4000,Intel,333
FirePro V3800,AMD,332
R5 310,AMD,332
HD 7500G,AMD,330
GT 625,NVIDIA,329
HD 7600G + HD 7400M Dual,AMD,329
UHD 600,Intel,328
GT 120 / 9500 GT,NVIDIA,325
HD 6530D,AMD,325
E6460,AMD,324
240M GT,NVIDIA,320
HD 7600G,AMD,320
HD6370D,AMD,320
HD 8280,AMD,319
HD 7520G,AMD,312
HD 7420G,AMD,311
HD 7520G + 8600/8700M Dual,AMD,311
HD 8370D,AMD,311
605,NVIDIA,305
R1E,AMD,301
Q965/Q963 Express,Intel,300
HD 6520G,AMD,300
R5E,AMD,300
HD P3000,Intel,297
HD 500,Intel,294
9600M GT / GeForce GT 220M,NVIDIA,293
GRID K120Q,Unknown,293
IncrediblE HD 3000,Unknown,291
7950 Xtreme,NVIDIA,288
HD 7450A,AMD,288
NVS 315,Unknown,286
Mobile Intel HD,Intel,285
HD 7480D,AMD,285
HD 8400E,AMD,273
HD 8280G,AMD,270
Qualcomm Adreno 630 GPU,Qualcomm,268
HD 5470,AMD,268
HD 7400G,AMD,267
HD 8490,AMD,265
HD 6480G,AMD,259
HD 8400,AMD,258
HD 3000,Intel,257
HD 8470,AMD,257
HD 6370D,AMD,254
HD 8330,AMD,252
HD 7640G + 8600M Dual,AMD,250
GT 415,NVIDIA,248
CARRIZO 9874,Unknown,247
7900 GT/GTO,NVIDIA,247
HD 6410D,AMD,243
NVS 310,Unknown,242
HD 8330E,AMD,242
HD 8240,AMD,241
HD 8280E,AMD,241
HD4650,AMD,240
HD 7640G + R5 M230 Dual,AMD,239
Quadro FX 4500 X2,NVIDIA,236
E6465,AMD,231
R2E,AMD,229
HD6450,Unknown,221
HD 7340M,AMD,221
A6 Micro 6500T Quad Core APU with RadeonR4,AMD,220
320M,NVIDIA,219
Mobility FireGL V5725,Unknown,219
HD 6320 Graphic,AMD,216
Mobility Radeon. HD 5470,AMD,215
HD 2000,Intel,213
2nd Generation SandyBridge HD,Intel,212
WinFast GT 610,Unknown,212
HD 2600 PRO,AMD,211
HD 4650 AGP,AMD,208
HD 8250,AMD,208
Barco MXRT 1450,Unknown,206
i gfx driver ci master 9938,Intel,206
R3E,AMD,206
2nd Generation SandyBridge HD 3000,Intel,205
7600 GT,NVIDIA,204
HD 6380G,AMD,204
G200,NVIDIA,200
HD7450,AMD,199
HD 6320M,AMD,198
HD 7340G,AMD,196
Infoshock HD,Intel,194
HD 8210E,AMD,194
HD 8210,AMD,191
505,NVIDIA,187
Quadro FX 3450/4000 SDI,NVIDIA,186
HD 7310G,AMD,181
Barco MXRT 7100,Unknown,180
FirePro 3D V3700,AMD,179
HD 6230,AMD,179
HD 7310 Carte graphique,AMD,174
9200,NVIDIA,171
FirePro 2460,AMD,170
HDG 4670,AMD,170
HD 7310M,AMD,166
HD manual gen9 2015 133271,Intel,165
HD 8350,AMD,165
VIA/S3G C 645/640 GPU,Unknown,163
8600 GTS,NVIDIA,161
315,NVIDIA,159
HD 7340,AMD,157
HD 4300/4500 Serisi,AMD,156
8200,NVIDIA,153
HD 8180,AMD,152
HD 3670,AMD,151
X1950 CrossFire Edition,AMD,151
HD 3650 AGP,AMD,150
HD 6320,AMD,148
FirePro 2270,AMD,147
G100,NVIDIA,147
ZX Chrome 645/640 GPU,Unknown,147
S3 5400EW,Unknown,145
Q35 Express,Intel,143
Q45/Q43 Express Chipset,Intel,142
HD 6300M,AMD,142
EG PARK,Unknown,141
HD 4290,AMD,141
nForce 760i SLI,Unknown,140
HD 6290M,AMD,140
Haswell HD GT2,Intel,139
Go 6800 Ultra,NVIDIA,138
HD 5450,AMD,138
X1900 CrossFire Edition,AMD,137
EAH5450,Unknown,134
9800 GT 1024MB,NVIDIA,134
G102M,NVIDIA,134
RadeonT,AMD,132
MOBILITY RADEON X1800,AMD,130
HD 7310,AMD,130
9300 / nForce 730i,NVIDIA,129
FireGL V7300,Unknown,128
All in Wonder X1900,Unknown,127
9300,NVIDIA,127
HD 3300,AMD,127
Seria Mobility Radeon HD 3400,AMD,125
8700M GT,NVIDIA,124
M76M,Unknown,124
Haswell HD GT1,Intel,123
Matrox G200e WDDM 2.0,Unknown,123
HD 4250,AMD,123
HD 6310,AMD,123
HD 7290M,AMD,123
310,NVIDIA,122
G210M,NVIDIA,122
HD 2400,AMD,121
Extreme AX850 PRO,Unknown,120
Qualcomm Adreno 540 GPU,Qualcomm,120
Qualcomm Adreno 618 GPU,Qualcomm,120
RV530 PRO,Unknown,119
FireMV 2260,Unknown,117
Mobile Intel 45 Express Chipsatzfamilie,Intel,117
PHDGD Quantic C3,Unknown,117
X1700 Targa Edition,AMD,117
FireGL V5200,Unknown,115
HD 7290,AMD,115
NVS 300,Unknown,114
FirePro 2260,AMD,113
6800,NVIDIA,113
Sapphire RADEON X800 GT,AMD,113
9400,NVIDIA,112
HD Modded,Intel,112
HD 4200,AMD,112
Mobility Radeon HD 3400 Serisi,AMD,111
6800 LE,NVIDIA,110
HD 2600 Pro AGP,AMD,110
HD 4270,AMD,110
VIA/S3G Chrome 645/640 GPU,Unknown,110
XFX Radeon HD 4650 AGP,AMD,110
HD 4330,AMD,109
HD 6290,AMD,109
G105M,NVIDIA,108
Quadro FX 370 LP,NVIDIA,108
Infoshock 3000,AMD,107
GeForce9400M,NVIDIA,106
9450,NVIDIA,105
9500M,NVIDIA,104
M880G with Mobility Radeon HD 4250,AMD,104
Quadro FX 3400/4400,NVIDIA,104
6800 GS/XT,NVIDIA,103
G210,NVIDIA,103
Quadro FX 370 Low Profile,NVIDIA,103
8300,NVIDIA,102
Quadro FX Go1400,NVIDIA,102
Quadro FX 4000,NVIDIA,101
Media Accelerator HD,Intel,99
X1600 Pro,AMD,99
9300GE,NVIDIA,98
ION LE,Unknown,98
3000,AMD,98
Mobility Radeon HD serie 4200,AMD,97
6700 XL,NVIDIA,95
MEDION RADEON X740XL,AMD,95
Matrox G200eW3 WDDM 2.0,Unknown,94
Mobility Radeon HD 3470 Hybrid X2,AMD,94
HD 6250,AMD,94
M880G with Mobility Radeon HD 4200,AMD,93
Mobility Radeon HD 4270,AMD,93
Quadro FX 370M,NVIDIA,93
G205M,NVIDIA,92
nForce 780a SLI,Unknown,92
X600XT,AMD,92
6610 XL,NVIDIA,89
G33/G31 Express,Intel,86
ION,Unknown,86
Quadro FX 350,NVIDIA,86
FireGL V3200,Unknown,85
X1650 Pro,AMD,85
ALL IN WONDER X800 GT,Unknown,84
999 GTX,NVIDIA,84
Quadro FX 370,NVIDIA,84
G41 Express Chipset,Intel,83
nForce 750a SLI,Unknown,83
7300 GS,NVIDIA,82
9300 SE,NVIDIA,82
MOBILITY FireGL V5000,Unknown,82
nForce 980a/780a SLI,Unknown,82
HD 3200,AMD,82
X850 XT Platinum Edition,AMD,82
8400,NVIDIA,81
Mobility Radeon 4100,AMD,81
Quadro FX 540,NVIDIA,81
X800 XT Platinum Edition,AMD,81
X800GT,AMD,80
8100 / nForce 720a,NVIDIA,79
HD 2350,AMD,77
M860G with Mobility Radeon 4100,AMD,76
X700 PRO,AMD,76
G45/G43 Express Chipset,Intel,75
X1650 GTO,AMD,75
FireMV 2450,Unknown,74
7350 LE,NVIDIA,74
3100,AMD,74
Mobility Radeon HD 4300 Serisi,AMD,73
X700,AMD,73
X800 PRO/GTO,AMD,73
X850 PRO,AMD,73
8200M G,NVIDIA,72
M880G with Mobility Radeon HD 4225,AMD,72
MEDION RADEON 9800 XXL,AMD,72
X550XTX,AMD,71
X700 SE,AMD,71
BASICDISPLAY,Unknown,70
Diamond X1300 PCIE 256MB,Unknown,70
9100M G,NVIDIA,70
X1600 Pro / X1300XT,AMD,69
8400 SE,NVIDIA,68
9400M G,NVIDIA,68
B43 Express Chipset,Intel,68
G45/G43/G41 Express Chipset,Intel,68
Matrox G200eR WDDM 2.0,Unknown,68
256MB RADEON X600,AMD,67
MOBILITY RADEON X700,AMD,67
128MB DDR Radeon 9800 Pro,AMD,66
Mobility Radeon HD 4225,AMD,66
X800 PRO,AMD,65
M71 M,Unknown,64
Quadro FX 550,NVIDIA,64
HD manual 15.28 1861,Intel,63
128 DDR Radeon 9800 Pro,AMD,62
MOBILITY FireGL V3200,Unknown,62
SAPPHIRE Radeon X1550,AMD,61
MOBILITY RADEON X700 XL,AMD,60
2100,AMD,60
FireGL X1,Unknown,59
6800 XE,NVIDIA,59
Matrox G200e WDDM 1.2,Unknown,59
9800 PRO,AMD,59
Express Chipset Q45/Q43,Intel,58
Mobile Intel 965 Express,Intel,58
9800,AMD,58
X1300,AMD,58
Express Chipset G41,Intel,57
G41 Express Chipsatz,Intel,57
Q45/Q43 Express Chipsatz,Intel,57
X600 256MB HyperMemory,AMD,57
X550XT,AMD,56
9700 PRO,AMD,54
7100 GS,NVIDIA,52
Matrox G200eh WDDM 1.2,Unknown,52
E2400,AMD,52
Xpress 1300,AMD,52
FirePro 2450,AMD,51
FX Go5700,NVIDIA,51
X550,AMD,51
Matrox G200eW WDDM 1.2,Unknown,50
MOBILITY RADEON X600,AMD,50
128MB RADEON X600 SE,AMD,49
7300 SE/7200 GS,NVIDIA,49
Mobility Radeon X2300 HD,AMD,49
MOBILITY RADEON X600 SE,AMD,49
Quadro NVS 140M,NVIDIA,49
Mobility Radeon X2300,AMD,48
X1550 64 bit,AMD,48
SAPPHIRE RADEON 9600 ATLANTIS,AMD,47
FireMV 2250,Unknown,46
MOBILITY RADEON 9800,AMD,46
Go 6600 TE/6200 TE,NVIDIA,45
Matrox G200eh WDDM 2.0,Unknown,45
Matrox G200eR WDDM 1.2,Unknown,45
Mobile Intel 4 Express Chipsatzfamilie,Intel,45
Mobile Intel serie 4 Express,Intel,45
MOBILITY FireGL V5200,Unknown,45
128 DDR Radeon 9700 TX w/TV Out,AMD,44
Xpress 1250,AMD,43
Matrox M9138 LP PCIe x16,Unknown,42
Mobile Intel 45 Express,Intel,42
9500 PRO / 9700,AMD,42
Gigabyte RADEON X300,AMD,41
Matrox G200eh,Unknown,41
MOBILITY FIREGL T2,Unknown,41
Matrox G200eW,Unknown,40
Xpress 1300M,AMD,40
S3 Chrome 430 ULP,Unknown,40
7050 / nForce 620i,NVIDIA,39
7300 SE,NVIDIA,39
GIGABYTE RADEON 9600 PRO,AMD,39
Mobile Intel famiglia Express Chipset 45,Intel,39
MOBILITY RADEON 9600/9700,AMD,39
256MB DDR Radeon 9800 XT,AMD,38
7050 / nForce 630i,NVIDIA,38
Quadro NVS 285 128MB,NVIDIA,38
Quadro NVS 440,NVIDIA,38
X300SE,AMD,38
6200SE TurboCache,NVIDIA,37
Matrox G200eR,Unknown,37
X1250,AMD,37
CONNECT 3D RADEON X300,AMD,36
FireMV 2200 PCIe,Unknown,36
MOBILITY RADEON 9600,AMD,36
Xpress 1200,AMD,36
7100 / nForce 630i,NVIDIA,35
FX 5900,NVIDIA,35
PCX 5750,NVIDIA,35
9600 XT,AMD,35
7025 / nForce 630a,NVIDIA,34
PCX 5900,NVIDIA,34
MOBILITY FIREGL T2/T2e,Unknown,34
MOBILITY RADEON X300,AMD,34
Xpress 1100,AMD,34
6150 LE,NVIDIA,33
7150 / nForce 630i,NVIDIA,33
FX 5700VE,NVIDIA,33
FX 5900ZT,NVIDIA,33
Media Accelerator,Intel,33
Mobility Radeon X1450,AMD,33
X1200,AMD,33
S3 Chrome S27 DDR3,Unknown,33
6200 A LE,NVIDIA,32
Matrox M9148 LP PCIe x16,Unknown,32
Red Hat QXL controller,Unknown,32
FireGL T2 128,Unknown,31
7050 PV / nForce 630a,NVIDIA,31
OpenXT Display Driver,Unknown,31
X1270,AMD,31
All in Wonder X1800XL,Unknown,30
6150SE nForce 430,NVIDIA,30
MOBILITY RADEON 9550,AMD,30
Xpress 1150,AMD,30
XPRESS 200,AMD,30
Matrox M9128 LP PCIe x16,Unknown,29
9550 / X1050,AMD,29
6100,NVIDIA,27
MOBILITY FireGL V5250,Unknown,27
MOBILITY RADEON 9700,AMD,27
MOBILITY RADEON XPRESS 200,AMD,27
9600 PRO Family,AMD,27
9600SE,AMD,27
Xpress 1270,AMD,27
7100 / nForce 620i,NVIDIA,26
Matrox M9120 Plus LP PCIe x16,Unknown,26
Matrox M9125 PCIe x16,Unknown,26
PHDGD Sapphire GR for Mobile Intel 965,Intel,26
6100 nForce 400,NVIDIA,25
6100 nForce 405,NVIDIA,25
6100 nForce 420,NVIDIA,25
6150SE,NVIDIA,25
FX 5700LE,NVIDIA,25
G965 Express,Intel,25
MOBILITY RADEON 9600 PRO TURBO,AMD,25
9600 Family,AMD,25
7050 / nForce 610i,NVIDIA,24
Mobile Intel 965 Express Chipsatzfamilie,Intel,24
Quadro NVS 210S,NVIDIA,24
9800 SE,AMD,24
ALL IN WONDER 9800,Unknown,23
6100 nForce 430,NVIDIA,23
7200 GS,NVIDIA,23
Matrox M9140 LP PCIe x16,Unknown,23
A9800XT,AMD,23
XPRESS 200M,AMD,23
9xx Soldiers sans frontiers Sigma 2,Unknown,22
6150,NVIDIA,22
Quadro NVS 210S / GeForce 6150LE,NVIDIA,21
Matrox M9120 PCIe x16,Unknown,20
PHDGD Solo 2 x64,Unknown,20
Go 6150,NVIDIA,19
QXL KMDOD,Unknown,19
7150M / nForce 630M,NVIDIA,18
FX Go 5600,NVIDIA,18
Go 6100,NVIDIA,18
Mobile Intel965 Express,Intel,18
9600 TX Family,AMD,18
XPRESS 200 CROSSFIRE,AMD,18
S3 Chrome S25 DDR2,Unknown,18
FX Go5650,NVIDIA,17
NV44,Unknown,15
82945G Express,Intel,14
Quadro FX 500/600 PCI,NVIDIA,14
HD 2400 PCI,AMD,14
7000M,NVIDIA,13
7000M / nForce 610M,NVIDIA,13
FX 5600,NVIDIA,13
FX Go5300,NVIDIA,13
FX 5200 Ultra,NVIDIA,12
FX 5200SE,NVIDIA,12
FireMV 2400 PCIe,Unknown,11
PHDGD Solo 1.2.0 x86,Unknown,11
RGH Drivers v3,Unknown,11
Familia Intel Q33 Express Chipset,Intel,10
Master X3100 Driver,Unknown,10
MOBILITY IGP 9000/9100,Unknown,10
ASUS A7000,Unknown,9
GeCube RADEON 7000,AMD,9
FX 5600XT,NVIDIA,9
Matrox Parhelia 256MB,Unknown,9
VIA Chrome9 HD IGP,Unknown,9
ASUS V9520 X V62.11,Unknown,8
FX 5100,NVIDIA,8
FX Go 5200,NVIDIA,8
82945G Express Chipsatzfamilie,Intel,8
Q35 Embedded,Intel,8
Mobile Intel 965 Express BR 0907 0461 v1839,Intel,8
MOBILITY RADEON 9000 IGP,AMD,8
Quadro FX 500/FX 600,NVIDIA,8
Quadro NVS 280 PCI,NVIDIA,8
Famille de jeu de puces Express Intel 946GZ,Intel,7
FX 5200LE,NVIDIA,7
GeForce4 MX Integrated GPU,NVIDIA,7
Media Accelerator 600,Intel,7
US15 Embedded Media and Controller,Intel,7
Matrox Millennium P690 Plus LP PCIe x16,Unknown,7
8500 Family,AMD,7
64MB DDR GeForce3 Ti 200,NVIDIA,6
ALL IN WONDER RADEON 8500DV,AMD,6
PCX 5300,NVIDIA,6
GeForce4 440 Go 64M,NVIDIA,6
GeForce4 448 Go,NVIDIA,6
82915G Express,Intel,6
Matrox Parhelia APVe,Unknown,6
Mobile Intel 945GM Express,Intel,6
MOBILITY RADEON 7000 IGP,AMD,6
MOBILITY RADEON 9000/9100 IGP,AMD,6
Quadro 280 NVS PCIe,NVIDIA,6
Quadro NVS 55/280 PCI,NVIDIA,6
9100 Family,AMD,6
IGP 350M,AMD,6
V9560XT V62.11,Unknown,6
VIA/S3G UniChromeII,Unknown,6
ALL IN WONDER 9000,Unknown,5
ASUS AGP V3800PRO v31.40H,Unknown,5
GeForce2 MX with DVI D and TV out,NVIDIA,5
GeForce3,NVIDIA,5
GeForce4 420 Go 32M,NVIDIA,5
GeForce4 440,NVIDIA,5
GeForce4 MX 4000,NVIDIA,5
GeForce4 MX 440,NVIDIA,5
GeForce4 MX 440 with AGP8X,NVIDIA,5
GeForce4 MX 440SE,NVIDIA,5
82865G Controller,Intel,5
915G/915GV/910GL Embedded Controller Functio,Intel,5
945G Embedded Chipset Function 0,Intel,5
Q33 Express,Intel,5
Matrox Millennium P650 PCIe 128,Unknown,5
Mobile Intel 945GM/GU Express,Intel,5
MOBILITY FIREGL 7800,Unknown,5
Quadro2 MXR/EX,NVIDIA,5
7500 Family,AMD,5
9000,AMD,5
9100 IGP,AMD,5
SAPPHIRE RADEON 9000 ATLANTIS PRO,AMD,5
VIA/S3G UniChrome Pro IGP,Unknown,5
WinFast A250 LE,Unknown,5
Xabre,Unknown,5
XGI Volari Family v1.13.23.D V,Unknown,5
ABIT Siluro T400,Unknown,4
Dell 8200,Unknown,4
6200A,NVIDIA,4
GeForce2 Go,NVIDIA,4
GeForce2 GTS/GeForce2 Pro,NVIDIA,4
GeForce2 Integrated GPU,NVIDIA,4
GeForce2 MX/MX 400,NVIDIA,4
GeForce3 Ti 200,NVIDIA,4
GeForce4 4200 Go,NVIDIA,4
GeForce4 440 Go,NVIDIA,4
82915G/915GV/910GL,Intel,4
865 Embedded Controller,Intel,4
"915G,910G Express",Intel,4
MOBILITY RADEON 7500,AMD,4
MOBILITY/RADEON 9000,AMD,4
7000 / RADEON VE Family,AMD,4
9000 Family,AMD,4
IGP 320,AMD,4
IGP 320M,AMD,4
RIVA TNT2 Model 64/Model 64 Pro,Unknown,4
VIA Chrome9 HC IGP,Unknown,4
VIA Chrome9 HC IGP Family,Unknown,4
VIA Chrome9 HC IGP Family WDDM,Unknown,4
VIA/S3G KM400/KN400,Unknown,4
VIA/S3G UniChrome IGP,Unknown,4
64MB GeForce2 MX with TV Out,NVIDIA,3
AMIGAMERLIN 3.1 R1 For Voodoo 4 4500 PCI,Unknown,3
GeForce2 MX,NVIDIA,3
GeForce2 MX 100/200,NVIDIA,3
GeForce3 Ti 500,NVIDIA,3
GeForce4 420 Go,NVIDIA,3
82845G/GL Controller,Intel,3
82845G/GL/GE/PE/GV Controller,Intel,3
82915G/GV/910GL Advanced v3.5,Intel,3
82915G/GV/910GL Express,Intel,3
946GZ Embedded Chipset Function 0,Intel,3
946GZ Express,Intel,3
GMA 3150 Express,Intel,3
Media Accelerator 3150,Intel,3
Media Accelerator 500,Intel,3
Matrox Parhelia 128MB,Unknown,3
MOBILITY RADEON 9000,AMD,3
MOBILITY RADEON 9100 IGP,AMD,3
MOBILITY RADEON 9200,AMD,3
7000 / Radeon VE,AMD,3
7200,AMD,3
7500,AMD,3
9200 LE Family,AMD,3
9200 PRO Family,AMD,3
9200 SE,AMD,3
IGP 340M,AMD,3
IGP 345M,AMD,3
Rage Fury Pro/Xpert 2000 Pro,Unknown,3
RIVA TNT2/TNT2 Pro,Unknown,3
S3 Inc. Savage4,Unknown,3
Vanta/Vanta LT,Unknown,3
VIA Chrome9 HC IGP WDDM,Unknown,3
VIA Chrome9 HC IGP WDDM 1.1,Unknown,3
VIA Chrome9 HC3 IGP,Unknown,3
VIA/S3G DeltaChrome IGP,Unknown,3
Dell 8100,Unknown,2
82845G Controller,Intel,2
Extreme Controller,Intel,2
Mobile Intel 915GM/GMS/910GML Express,Intel,2
Mobile Intel 945 Express,Intel,2
Quadro NVS 280 SD,NVIDIA,2
IGP 34xM,AMD,2
S3 SuperSavage/IXC 1014,Unknown,2
VIA Chrome9 HC IGP Prerelease WDDM 1.1,Unknown,2
VIA Chrome9 HCM IGP,Unknown,2
VisionTek Radeon 7000,AMD,2
FireMV 2200 PCI,Unknown,1
82852/82855 GM/GME Controller,Intel,1
Quadro2 Pro,NVIDIA,1
RAGE 128 PRO AGP 4X TMDS,Unknown,1
S3 ProSavageDDR,Unknown,1
