gpu_name,benchmark_score,tier
RTX 5090,64000,S
RTX 5080,52000,S
RTX 6000 Ada,52000,S
RTX A6000 Ada,49500,S
RTX 5070 Ti,46000,S
RTX A5000 Ada,42000,S
PRO W7900,41000,S
RTX 5070,40000,S
RTX 4090,39819,S
RTX 5000 Ada,39800,S
RTX 5090 Laptop GPU,39000,S
RTX 4090 D,38500,S
RX 9070 XT,37800,S
RX 7900 XTX,37600,S
RTX 4080 SUPER,37500,S
RTX 4080,35817,S
RX 7900 XT,34500,S
PRO W7800,34000,S
RTX 4070 Ti SUPER,33845,S
RX 9070,33500,S
RTX 5080 Laptop GPU,32000,S
RX 7900 GRE,31700,S
RTX 4070 Ti,31600,S
RTX 4500 Ada,31000,S
RTX A4000 Ada,30500,S
RTX 4070 SUPER,30400,S
RTX 5060 Ti,30000,S
RTX 3090 Ti,29094,S
RTX 5070 Ti Laptop GPU,28000,S
RTX 4070,27600,S
PRO W7700,27500,S
RTX 4000 Ada,27500,S
RTX 3080 Ti,26887,S
RX 7800 XT,26700,S
RTX 4090 Laptop GPU,26500,S
RTX 3090,26395,S
RX 6900 XT,25458,S
RTX 4060 Ti 16GB,25300,S
RTX 3080,24853,S
RTX 4060 Ti,24600,S
RTX 5070 Laptop GPU,24000,S
RX 7700 XT,23600,S
RTX 3070 Ti,23367,S
RX 6800 XT,23364,S
RTX 4080 Laptop GPU,23200,S
RX 9060 XT,23000,S
RTX A5000,22867,S
RX 7900M,22400,S
RTX A6000,22122,S
RTX 3070,22093,S
RTX 5060,22000,S
RX 7700,21800,S
RTX 2080 Ti,21796,S
RTX A4500,21546,S
PRO W7600,21500,S
RTX 4070 Ti Laptop GPU,20800,S
RX 6800,20667,S
RTX 4060,20300,S
RTX 3060 Ti,20206,S
TITAN RTX,20169,S
Arc B580,20100,S
RX 7600 XT,19700,S
Quadro RTX 6000,19692,S
RTX 2080 SUPER,19519,S
TITAN Xp,19508,S
RTX 3080 Ti Laptop GPU,19507,S
RTX A2000 Ada,19500,S
Arc A770,19300,S
Quadro RTX 8000,19126,S
RX 9060,19000,S
RX 6700 XT,18993,S
RTX A4000,18988,S
RTX 4070 Laptop GPU,18900,S
TITAN V,18816,S
PRO W6800,18802,S
RTX 2080,18732,S
TITAN Xp COLLECTORS EDITION,18721,S
RX 7800M,18600,S
RTX 3070 Ti Laptop GPU,18490,S
GTX 1080 Ti,18284,S
RTX 2070 SUPER,18168,S
RX 7600,17900,S
Quadro GV100,17675,S
Arc A750,17100,S
RTX 5060 Laptop GPU,17000,S
TITAN V CEO Edition,16988,S
RTX 3060,16958,S
RX 5700 XT,16892,S
Pro VII,16853,S
Arc B580M,16800,S
RX 7700S,16800,S
VII,16767,S
RX 5700 XT 50th Anniversary,16650,S
RTX 3080 Laptop GPU,16522,S
RTX 2060 SUPER,16514,S
RTX A4000 Laptop GPU,16297,S
RTX A5000 Laptop GPU,16273,S
Quadro RTX 5000,16260,S
Tesla V100 SXM2 16GB,16235,S
Quadro GP100,16203,S
Arc B570,16200,S
RTX 4050,16100,S
RTX 2070,16079,S
RadeonT RX 6850M,15899,S
RX 6600 XT,15853,S
Quadro P6000,15811,S
RTX 4060 Laptop GPU,15800,S
Quadro RTX 4000,15515,S
GTX 1080,15265,S
RTX 3070 Laptop GPU,15231,S
RTX 2080 (Mobile),15107,S
Pro W5700,15085,S
RX 7600M XT,15000,S
PRO W7500,15000,S
Quadro RTX 5000 (Mobile),14832,S
Arc A580,14800,S
Pro Vega II,14738,S
RX 5700,14729,S
RX Vega 64,14636,S
Pro Vega 64X,14630,S
RX 7500 XT,14500,S
GTX 1070 Ti,14500,S
RTX 2070 Super with Max Q Design,14261,S
PRO W6600,14212,S
Arc A730M,14200,S
Pro WX 8200,14110,S
RTX 2080 Super with Max Q Design,14020,S
RTX 2060,13953,S
Quadro RTX 5000 with Max Q Design,13893,S
RX 6600,13881,S
GTX 980 Ti,13864,S
RX 5600 XT,13836,S
Vega Frontier Edition,13748,S
RTX A2000 12GB,13688,S
RTX 2080 with Max Q Design,13681,S
TITAN X,13660,S
RX Vega 56,13636,S
Quadro RTX 4000 with Max Q Design,13622,S
GTX 1070,13482,S
Tesla T10,13264,S
RTX A3000 Laptop GPU,13263,S
Pro WX 9100,13241,S
RX 7600S,13200,S
GTX TITAN X,13173,S
RTX A2000,13128,S
Quadro RTX 4000 (Mobile),13008,S
Pro V520 MxGPU,12853,S
RX 7600M,12800,S
GTX 1660 SUPER,12732,S
RTX 3050,12718,S
RTX 3060 Laptop GPU,12674,S
Pro 5700 XT,12537,S
Pro Vega 64,12402,S
RTX 4050 Laptop GPU,12400,S
Pro Vega 56,12386,S
RTX 2070 (Mobile),12354,S
Quadro P5200 with Max Q Design,12323,S
Quadro M6000 24GB,12264,S
Quadro P5200,12144,S
RTX 2070 with Max Q Design,12062,S
RX 6700S,11989,S
Quadro P5000,11976,S
Quadro P4200 with Max Q Design,11869,S
Pro 5700,11844,S
GTX 1660 Ti,11794,S
GTX 1660,11695,S
Tesla M40 24GB,11658,S
GTX 1080 with Max Q Design,11507,S
Pro Vega 48,11504,S
RX 6700M,11499,S
Quadro P4000,11422,S
Quadro M6000,11397,S
RTX 2060 (Mobile),11355,S
GTX 980,11237,S
Arc A550M,11200,S
Quadro RTX 3000,11122,S
Tesla T4,11113,S
RX 5600,11030,S
Pro SSG,10498,S
Instinct MI25 MxGPU,10466,S
GTX 1070 (Mobile),10465,S
Pro 5600M,10200,S
GTX 1660 Ti (Mobile),10176,S
RTX A2000 Laptop GPU,10148,S
Tesla M40,10117,S
R9 Fury X,10088,S
GTX 1060,10070,S
GTX 1650 SUPER,10032,S
GTX 1070 with Max Q Design,10030,S
RTX A3000 12GB Laptop GPU,9975,S
Quadro P4200,9827,S
RTX 2060 with Max Q Design,9743,S
R9 Fury + Fury X,9741,S
GTX 1060 3GB,9728,S
GTX 970,9688,S
RX 590,9665,S
Arc A530M,9600,S
R9 Fury,9551,S
R9 390X,9503,S
Quadro P2200,9486,S
RTX 3050 Ti Laptop GPU,9452,S
RX 6500 XT,9445,S
GTX 780 Ti,9312,S
Pro W5500,9269,S
Quadro M5000,9262,S
Quadro P3200 with Max Q Design,9242,S
GTX TITAN Z,9189,S
RX 5500 XT,9188,S
GTX TITAN Black,9140,S
RX 6600M,9094,S
Quadro P4000 with Max Q Design,9083,S
RTX 3050 Laptop GPU,9037,S
RX 6800M,9012,S
R9 390,9008,S
RX 580,8907,S
RX 5500,8817,S
R9 290X,8794,S
Quadro RTX 3000 with Max Q Design,8754,A
GTX 1060 5GB,8704,A
Arc A380,8700,A
RX 480,8674,A
Quadro P3200,8663,A
GTX 1660 Ti with Max Q Design,8646,A
RX590 GME,8628,A
R9 295X2,8619,A
GTX Titan,8556,A
R9 290,8409,A
R9 290X / 390X,8389,A
Pro Duo,8324,A
Pro 5500 XT,8298,A
15FF,8229,A
Arc A370M,8200,A
GTX 1060 (Mobile),8161,A
R9 290 / 390,8150,A
Quadro K6000,8108,A
RX 470/570,8070,A
GTX 780,8022,A
RTX 2050,8007,A
Quadro M5500,7915,A
GTX 1060 with Max Q Design,7907,A
T1200 Laptop GPU,7884,A
T1000,7829,A
Pro WX 7100,7822,A
GTX 1650,7807,A
RX 580X,7798,A
Tesla M60,7771,A
RX 580 2048SP,7768,A
T1000 8GB,7760,A
Pro 580,7753,A
FirePro W9100,7719,A
RX 5300,7611,A
Pro 580X,7540,A
Pro 5300,7522,A
Tesla M6,7509,A
GTX 1650 Ti,7490,A
FirePro W8100,7327,A
RadeonT RX 5300,7321,A
GTX 980M,7317,A
Tesla P100 PCIE 16GB,7225,A
Quadro T2000,7169,A
RX 5600M,7157,A
Quadro P2000,7096,A
GTX 1650 (Mobile),6969,A
RX 6400,6958,A
Quadro T2000 with Max Q Design,6871,A
Quadro M5000M,6807,A
Pro 5500M,6763,A
RX Vega M GH,6734,A
T600 Laptop GPU,6725,A
GTX 970XM FORCE,6707,A
R9 285,6680,A
Quadro M4000,6644,A
Quadro T1000 with Max Q Design,6589,A
Quadro P3000,6572,A
Quadro M4000M,6530,A
Quadro T1000,6513,A
T600,6509,A
Arc A350M,6500,A
GTX 1650 Ti with Max Q Design,6342,A
Pro 570,6337,A
GTX 1050 Ti,6314,A
R9 280X,6284,A
FirePro S7150,6276,A
R9 380,6275,A
R9 380X,6189,A
FirePro W9000,6138,A
Pro WX Vega M GL,6049,A
GTX 960,6042,A
P106 100,5967,A
GTX 1050 Ti (Mobile),5919,A
PRO W6400,5916,A
GTX 770,5892,A
GTX 1650 with Max Q Design,5884,A
Pro 5300M,5840,A
A16,5797,A
Quadro K5200,5780,A
GTX 970M,5761,A
Pro WX 7130,5722,A
Quadro M3000M,5678,A
Tesla K20m,5675,A
R9 280,5668,A
GTX 690,5654,A
A40 12Q,5573,A
HD 7990,5566,A
R9 285 / 380,5550,A
GTX 680,5535,A
Pro WX 5100,5511,A
Tesla K20Xm,5428,A
GTX 760 Ti OEM,5427,A
GTX 950,5392,A
GTX 1050 Ti with Max Q Design,5372,A
FirePro S10000,5315,A
GTX 670,5304,A
HD 7970 / R9 280X,5248,A
HD 8990,5214,A
GTX 760 Ti,5206,A
FirePro W7100,5175,A
Q12U 1,5164,A
R9 M295X,5150,A
Pro Vega 20,5117,A
MX550,5090,A
GTX 1050,5090,A
FirePro S9000,5059,A
T550 Laptop GPU,5000,A
R9 M395,4991,A
EIZO Quadro MED XN51LP,4955,A
Barco MXRT 7600,4944,A
R9 270X,4923,A
FirePro S9050,4901,A
GRID RTX6000P 6Q,4777,A
GTX 760,4775,A
R9 M395X,4775,A
HD 7950 / R9 280,4765,A
Sky 500,4736,A
R9 370,4722,A
Pro Vega 16,4683,A
HD 7870,4661,A
Quadro P2000 with Max Q Design,4597,A
B8DKMDAP,4557,A
Pro 465,4538,A
GTX 580,4538,A
R7 370,4479,A
HD 7870 XT,4470,A
Quadro P1000,4466,A
GTX 1050 (Mobile),4462,A
P104 100,4450,A
Citrix Indirect Display Adapter,4447,A
GTX 660 Ti,4367,A
Quadro M2200,4342,A
FirePro W7000 Adapter,4340,A
GRID GTX P40 6,4340,A
Quadro K4200,4337,A
Barco MXRT 7500,4319,A
R9 270,4306,A
GRID RTX6000P 4Q,4283,A
FirePro W7000,4276,A
GTX 680MX,4271,A
R9 270 / R7 370,4260,A
GTX 775M,4208,A
FirePro S7000,4166,A
GRID V100D 8Q,4156,A
FirePro W8000,4138,A
RX 460,4114,A
GTX 480,4110,A
HD 7800 serie,4029,A
RX 5500M,4010,A
GTX 660,4004,A
GRID RTX8000 4Q,3961,A
Quadro M2000,3942,A
GTX 750 Ti,3919,A
GTX 570,3902,A
Quadro K5000,3901,A
T400 4GB,3887,A
Quadro K2200M,3877,A
HD 8970M,3876,A
GTX 880M,3876,A
GRID RTX8000P 2Q,3843,A
HD 7850,3826,A
GTX 965M,3824,A
GTX 1050 with Max Q Design,3785,A
HD 7970M,3774,A
Pro WX 4100,3766,A
GTX 780M,3755,A
MX450,3743,A
Pro 560X,3678,A
Quadro P620,3640,A
T400,3627,A
T500,3597,A
RX 560,3594,A
GRID RTX8000 2Q,3574,A
GTX 680M KY Bullet Edition,3569,A
RX 5300M,3562,A
Quadro K2200,3541,A
Quadro M2000M,3539,A
Tesla C2050,3515,A
Quadro 7000,3505,A
Tesla M10,3490,A
Pro 560,3475,A
Pro 460,3453,A
Tesla C2050 / C2070,3428,A
GTX 960M,3419,A
R9 M470X,3400,A
GTX 750,3399,A
GRID K520,3399,A
GTX 870M,3380,A
R9 M290X,3375,A
HD8970M,3369,A
E8870PCIe,3368,A
Quadro M1200,3342,A
GTX 650 Ti BOOST,3330,A
Quadro P600,3324,A
RX Vega M GL,3315,A
GTX 590,3307,A
Quadro K5100M,3266,A
770M,3246,A
R9 M485X,3204,A
RX 560X,3181,A
RadeonT RX 5500M,3166,A
FirePro V7000,3162,A
FirePro W7170M,3162,A
GTX 470,3147,A
R7 260X,3147,A
Pro 555,3141,A
Tesla C2075,3118,A
Pro 455,3113,A
Tesla C2070,3101,A
G35 Express,3090,A
HD 7790,3090,A
GTX 680M,3077,A
FirePro W5000,3056,A
GTX 560 Ti,3056,A
GTX 860M,3045,A
EIZO MED X5000,3038,A
R7 360,3034,A
R9 360,3032,A
R9 M390X,3021,A
R9 260,3018,A
HD 6990,3013,A
Quadro M1000M,2987,A
FirePro W5100,2957,A
GRID K260Q,2949,A
R9 M380,2931,A
R7 260,2892,A
Quadro K1200,2874,A
FirePro W4300,2863,A
HD 6970,2863,A
MX350,2855,A
Pro V340 MxGPU,2853,A
Quadro M620,2845,A
GRID K280Q,2840,A
Custom GPU 0405,2832,A
FirePro 3D V9800,2812,A
GTX 770M,2786,A
Iris Xe,2782,A
Quadro K4100M,2756,A
Quadro K5000M,2754,A
GRID K2,2737,A
FirePro V9800,2727,A
Pro 450,2723,A
RX 550,2718,A
GTX 560,2711,A
Barco MXRT 5500,2702,A
Quadro K4000,2700,A
Quadro 6000,2689,A
GTX 465,2681,A
FirePro M6100 FireGL V,2656,A
HD 6950,2650,A
FirePro R5000,2647,A
MONSTER GeForce GTX 675M,2637,A
Pro WX 3100,2627,A
Pro,2615,A
UHD 770,2611,A
GTX 950M,2602,A
GTX 850M,2574,A
MX330,2547,A
GT 1030,2545,A
UHD P630,2541,A
GRID K240Q,2541,A
HD 6850 X2,2534,A
FireStream 9370,2528,A
GTX 650 Ti,2527,A
N18E Q1,2525,A
MX250,2515,A
GTX 950A,2483,A
Pro WX 3200,2456,A
FirePro 3D V8800,2438,A
GTX 960A,2411,A
RX Vega 11 PRD,2402,A
P106 090,2402,A
GTX 580M,2373,A
RX 550X,2370,A
GTX 485M,2360,A
GTX 675MX,2338,A
MX150,2310,A
FirePro V7900,2310,A
GTX 460,2289,A
R9 M470,2288,A
HD 6970M,2270,A
R7 250X,2269,A
HD 8950,2267,A
HD 5870,2266,A
Quadro K3100M,2263,A
HD 5970,2249,A
Quadro K620,2246,A
FirePro V8800,2223,A
HD 6870,2223,A
HD 7770,2204,A
RadeonT R7 450,2185,A
GTX 745,2175,A
Iris Pro P580,2169,A
Ryzen Embedded V2718,2149,A
RX Vega 11,2137,A
Quadro P520,2126,A
TM R9 A360,2105,A
FirePro M5100,2103,A
GTX 560 SE,2087,A
Quadro 5000M,2060,A
GTX 480M,2051,A
FirePro V7800,2034,A
R9 M385,2018,A
Pro W5500M,2010,A
Quadro M600M,2008,A
R9 350,2007,A
GT 645,2006,A
GTX 460 v2,2005,A
Iris Pro 580,1993,A
Quadro 5000,1982,A
R7 + R7 350 Dual,1982,A
Quadro M520,1981,A
HD 6850,1979,A
GTX 460 SE,1974,A
Iris Xe MAX,1973,A
GTX 765M,1972,A
R7 450,1966,A
HD 5850,1966,A
R9 M275X,1963,A
R7 + HD 7700 Dual,1962,A
UHD ReleaseInternal,1959,A
550,1959,A
HD 7660D + HD 7700 Dual,1958,A
GTX 470M,1953,A
Quadro K4000M,1949,A
FirePro M6100,1945,A
945M,1945,A
Pro WX 4150,1935,A
GTX 675M,1934,A
R9 M385X,1929,A
RX 570X,1923,A
HD 7560D + 7700 Dual,1919,A
GTX 570M,1910,A
GTX 670MX,1906,A
Matrox C680 PCIe x16,1904,A
HD 7700 serie,1899,A
MX130,1895,A
HD 8670D + HD 7700 Dual,1892,A
Quadro 5010M,1891,A
MX230,1884,A
Pro WX 4130,1881,A
FirePro 3D V7800,1867,A
GTX 645,1858,A
945A,1852,A
Iris Plus,1850,A
Vega 11,1847,A
R9 M375X,1843,A
FirePro M5100 FireGL V,1839,A
HD 8570D + HD 7700 Dual,1835,A
MxGPU,1826,A
FirePro M6000,1820,A
Matrox C900 PCIe x16,1812,A
RadeonT RX 560X,1810,A
GTX 555,1807,A
RadeonT 540X,1804,A
RX Vega 11 Processor,1800,A
HD 8870M / R9 M270X / M370X,1800,A
Embedded Radeon E9173,1798,A
Iris 650,1795,A
RX 540,1793,A
HD 8670D + 7700 Dual,1789,A
UHD 750,1775,A
GTX 670M,1775,A
Iris Plus 655,1772,A
GTX 650,1769,A
Pro WX 2100,1755,A
R9 M360,1753,A
FirePro W600,1752,A
UHD P750,1744,A
Iris Plus 645,1742,A
HD 5830,1735,A
RX Vega11,1717,A
HD 6900M,1710,A
FirePro M6000 Mobility Pro,1709,A
HD 7750,1696,A
RX Vega 10,1694,A
GTX 760M,1691,A
Qualcomm Adreno 8cx Gen 3,1670,A
Vega 9,1669,A
R7 M380,1669,A
Iris Pro P6300,1654,A
HD HD7850M,1652,A
HD 8870M,1638,A
Quadro K3000M,1626,A
E8860,1626,A
R7 M465X,1624,A
Quadro K2000D,1614,A
Quadro P400,1614,A
HD 6790,1613,A
GT 755M,1610,A
Seria Radeon HD 7700,1604,A
FirePro M4000,1597,A
Vega 8,1593,A
FirePro M4000 Mobility Pro,1591,A
UHD,1582,A
Iris Plus 650,1575,A
R9 M275X / M375,1575,A
Quadro K2000,1567,A
RadeonT RX 640,1565,A
GTX 550 Ti,1557,A
Vega 10,1557,A
Firepro W5170M,1555,A
HD 7560D + HD 6670 Dual,1555,A
UHD 730,1553,A
RX Vega 8,1552,A
GTX 285,1550,A
HD 8470D + HD 7500 Dual,1545,A
FirePro W4100,1541,A
FirePro V8700,1539,A
RX 640,1537,A
HD 4890,1533,A
GT 740,1529,A
FirePro W6150M,1515,A
Quadro P500,1508,A
HD 7870M,1507,A
940MX,1503,A
HD 6670 + 7660D Dual,1492,A
Quadro 4000,1489,A
HD 7660D + HD 6670 Dual,1485,A
R9 255,1485,A
R9 M365X,1482,A
MX110,1469,A
Vega 10 Mobile,1465,A
Vega 8 Mobile,1438,A
HD 8470D + HD 6670 Dual,1436,A
550X,1430,A
845M,1430,A
Iris Pro Graphics 6200,1429,A
HD 7560D + 7670 Dual,1426,A
R7 M370,1418,A
GTX 660M,1414,A
Pro WX 4170,1409,A
GTX 275,1401,A
540X,1398,A
HD 4870,1391,B
HD 7560D + HD 7670 Dual,1380,B
R7 PRO A12 8870,1376,B
R9 M370X,1374,B
HD 7850M,1373,B
FirePro M40003,1364,B
HD 8670D + 6670 Dual,1361,B
HD 5770,1351,B
Quadro K2100M,1348,B
HD 7560D + HD 7700 Dual,1347,B
Iris 550,1344,B
FireStream 9270,1341,B
FirePro W5130M,1341,B
Iris Plus 640,1333,B
GTS 450,1321,B
HD 8670D + HD 7600 Dual,1318,B
FirePro M5950,1314,B
GT 750M,1313,B
HD 4870 X2,1309,B
Quadro 4000M,1307,B
HD 8790M,1306,B
Tesla M2070 Q,1306,B
930MX,1302,B
Vega 6,1296,B
Ryzen Embedded V2748,1296,B
UHD 630,1293,B
R7 A370,1281,B
540,1273,B
FirePro 3D V8750,1272,B
FirePro V5900,1271,B
GTX 560M,1266,B
HD 8570D + HD 6670 Dual,1261,B
HD 7560D + HD 7600 Dual,1258,B
Iris 540,1257,B
Quadro FX 5800,1248,B
630,1245,B
Quadro 2000 D,1239,B
HD 8570D + 6570 Dual,1239,B
HD 7660D + 6670 Dual,1238,B
HD P630,1237,B
HD 7560D + HD 6570 Dual,1237,B
GPU,1236,B
R7 + R5 340 Dual,1235,B
R7 + R7 250 Dual,1232,B
FirePro 3D V5800,1232,B
HD 6770,1231,B
HD 8670D + HD 6670 Dual,1222,B
GTX 260,1221,B
HD 7730,1217,B
HD 8790M / R9 M290X,1211,B
FirePro 3D V8700,1206,B
N16P GX,1205,B
HD 7660D + 7540D Dual,1204,B
R9 M270X,1204,B
HD P530,1202,B
GT 650M,1199,B
GTX 460M,1198,B
HD 7750M,1191,B
R7 +8G,1191,B
FirePro V5800,1186,B
GT 640,1182,B
GTX 280,1181,B
840A,1180,B
GTX 295,1171,B
R7 Opteron X3421,1169,B
FireStream 9250,1165,B
Barco MXRT 5400,1161,B
Coffee Lake UHD,1158,B
Quadro K620M,1157,B
HD 5750,1156,B
R7 250,1151,B
625,1150,B
940A,1145,B
GT 745A,1144,B
NVS 810,1141,B
HD 8850M / R9 M265X,1140,B
HD 4850 X2,1132,B
HD 7560D + 6670 Dual,1131,B
R7 + R7 200 Dual,1129,B
R7 FX 9830P RADEON,1127,B
HD 8650G + 7700M Dual,1126,B
HD 7660D + 7500 Dual,1121,B
HD 630,1118,B
R7 PRO A12 9800,1117,B
R9 M275,1115,B
R7 430,1110,B
UHD 710,1107,B
940M,1106,B
Quadro 2100M,1100,B
HD 7660D + 6570 Dual,1100,B
Quadro M500M,1098,B
GT 545,1096,B
GTX 850M MODDED,1092,B
920MX,1088,B
Firepro W4190M,1086,B
Quadro K1100M,1082,B
930A,1082,B
MIRRORV3,1081,B
Barco MXRT 5450,1079,B
HD 8450G + 8600/8700M Dual,1070,B
FirePro M4170,1067,B
840M,1067,B
Mobility Radeon HD 5870,1062,B
HD 7660D + 7670 Dual,1062,B
HD 7520G + 7700M Dual,1061,B
GTX 760A,1060,B
Firepro M4100,1059,B
GT 745M,1055,B
OPAL XT/GL,1053,B
HD 7670A,1050,B
GTX 850A,1050,B
535,1048,B
R7 A12 9730P RADEON,1047,B
R7 + R7 240 Dual,1045,B
HD 8570D + 6670 Dual,1040,B
R7 M460,1038,B
UHD Graphics 620,1037,B
HD 8570D + HD 8570 Dual,1033,B
HD 8600/8700M,1030,B
Vega 3 Mobile,1029,B
R7 + R5 330 Dual,1028,B
Quadro K2000M,1027,B
R7 M350,1027,B
Quadro 3000M,1024,B
R9 A375,1024,B
HD 8670D + R7 240 Dual,1020,B
Iris Pro 5200,1020,B
HD 6700M,1017,B
RadeonT R5 430,1016,B
930M,1011,B
HD 7690M XT,1009,B
HD 6750,1005,B
830A,1005,B
HD 7690M,1003,B
HD 7660G + HD 7500/7600 7500/7600 Dual,1002,B
HD 8570D + R7 200 Dual,999,B
FirePro M4150,999,B
HD 7660G + HD 7500M/7600M Dual,999,B
HD 7640G + HD 8750M Dual,997,B
R5 340,996,B
HD 8570,991,B
Quadro 2000D,989,B
R7 A12 9800 RADEON,989,B
HD 7560D + 7570 Dual,985,B
HD 530,984,B
HD 8690M,984,B
HD 7560D + 7560D Dual,983,B
Quadro FX 4800,979,B
830M,976,B
HD 8670D + 8570 Dual,974,B
FirePro V4900,974,B
HD 8850M,973,B
HD 7660G N HD 7660G + HD 7700M N HD 7700M D,967,B
R7 M465,965,B
HD 6770M,964,B
HD 8570D + R7 240 Dual,964,B
R7 PRO A12 8870E,962,B
R7 M270DX,962,B
R7 A10 PRO 7850B,958,B
GT 645M,958,B
R6 Opteron X3418,955,B
R7 A265,955,B
FirePro W4170M,953,B
HD 4850,953,B
Qualcomm Adreno 690 GPU,952,B
HD 8670D + R7 200 Dual,950,B
HD 8570 + HD 7660D Dual,949,B
R7 M260X,947,B
Quadro CX,947,B
HD 6670/7670,946,B
HD 7640G + 7690M Dual,946,B
530,945,B
zxcvIntel HD 620,944,B
HD 7660D + R7 240 Dual,942,B
Quadro 2000,942,B
R7 A12 9800E RADEON,941,B
R7 PRO A12 9800E,940,B
R5 430,939,B
HD 6750M,937,B
HD 7560D + HD 8570 Dual,936,B
HD 7660G + 7730M Dual,931,B
R7 340,931,B
R7 240 + HD 8670D Dual,930,B
R9 M265X,929,B
Radeon. HD 7730M,928,B
Iris Pro 6100,925,B
HD Graphics 620,923,B
R9 M280X,922,B
R7 240 + HD 8570D Dual,918,B
R7 M445,913,B
GRID K220Q,912,B
6750M,911,B
GT 640M,907,B
Iris 6100,907,B
HD 4770,906,B
Barco MXRT 7400,901,B
HD 8550G + 7600M Dual,901,B
Barco MXRT 2600,900,B
R7 + R5 Dual,898,B
7900 MOD Radeon HD 6550D,893,B
FirePro W2100,890,B
UHD 620,889,B
Vega 3,889,B
HD 8650G + 7670M Dual,884,B
R7 M365X,884,B
R7 PRO A12 8830B,883,B
HD 7660G + HD 7730M Dual,882,B
GT 445M,881,B
E6760,877,B
LMIMIRR,875,B
920A,872,B
R7 G,870,B
HD 8570D + HD 6570 Dual,868,B
HD 520,866,B
Mobility Radeon HD 4850,866,B
R7 240,863,B
HD 8470D + HD 6450 Dual,863,B
R7 M440,862,B
HD 4830,860,B
HD 8750M,860,B
HD 8550G + HD 7600M Dual,855,B
FirePro 3D V4800,854,B
HD 8500M/8700M,853,B
GT 635,852,B
HD 6000,851,B
UHD 617,848,B
R5 435,841,B
620,840,B
FireGL V8600,839,B
HD 8470D + 6570 Dual,838,B
HD 8670D + R5 235 Dual,837,B
HD 6650A,836,B
520,833,B
HD 7560D + 6570 Dual,833,B
HD 7520G + HD 7500/7600 Dual,832,B
HD 7660G + 7600M Dual,832,B
HD 8650G + 8600/8700M Dual,832,B
HD 5200,830,B
3DP Edition,827,B
HD 7640G N HD 7640G + HD 7600M N HD 7600M D,824,B
HD 3850 X2,822,B
HD 7540D + 7500 Dual,822,B
R7 M260DX,822,B
HD 8650G + HD 7600M Dual,820,B
HD 8550G + HD 8750M Dual,819,B
GT 730M,816,B
R7 A10 Extreme Edition,816,B
535DX,813,B
HD 7670,813,B
GT 730,812,B
HD 8670D + 7000 Dual,812,B
GRID K1,811,B
R8 M445DX,806,B
HD 8550G + 8600/8700M Dual,803,B
HD 8650G + HD 8790M Dual,800,B
9800 GX2,798,B
HD 8550G + 8750M Dual,796,B
HD 8650G N HD 8650G + HD 8600/8700M Dual,796,B
R5 M435,796,B
HD 8650G + 8750M Dual,787,B
HD 5670,784,B
R7 A365,781,B
Quadro FX 3800,780,B
GT 740M,779,B
HD 8650G + HD 8750M Dual,779,B
HD 7660G + HD 7700M Dual,777,B
HD 7640G + 7500M/7600M Dual,776,B
Quadro K420,775,B
R7 FX 8800P,775,B
RadeonT Vega 3,775,B
GT 340,774,B
HD 7600M + 7600M Dual,773,B
HD 8650G N HD 8650G + HD 8570M Dual,773,B
Quadro K1000M,773,B
Quadro 2000M,773,B
Mobility Radeon HD 5000,773,B
HD 4810,769,B
730A,769,B
9800 GTX,769,B
Quadro K600,769,B
825M,769,B
GT 440,766,B
HD 8650G + HD 8600/8700M Dual,764,B
HD 6450 + 8470D Dual,763,B
R9 M375,763,B
Mobility Radeon HD 5850,763,B
HD 7660G + HD 7500/7600 Dual,760,B
UHD 615,760,B
R7 A12 9720P RADEON,759,B
HD 8650G + HD 8600M N HD 8600M Dual,758,B
HD 7660G + HD 8500M Dual,758,B
Iris 5100,758,B
HD 7660G + 7700M Dual,757,B
Quadro 1100M,755,B
HD 7640G + 7450M Dual,754,B
HD 8570D + HD 7000 Dual,753,B
HD 6650M,752,B
IncrediblE HD 4600,750,B
M535DX,750,B
HD 7660G + HD 8600/8700M Dual,747,B
HD 7640G + 7650M Dual,747,B
HD 7660G + 7610M Dual,746,B
HD 8670D + R5 330 Dual,746,B
HD 6670,745,B
R5 235 + HD 7560D Dual,744,B
HD 7660G + 7670M Dual,743,B
GT 730A,743,B
HD 8650G + 7600M Dual,742,B
R8 M365DX,741,B
Poison Ivy,739,B
HD 7670M + 7670M Dual,738,B
R5 235 + HD 8570D Dual,738,B
R7 M270,734,B
NVS 510,730,B
UHD 610,729,B
HD 7550M/7650M,729,B
GRID K140Q,728,B
R7 FX 9800P RADEON,727,B
HD 6800M,726,B
720A,725,B
HD 615,724,B
920M,723,B
HD 7660G N HD 7660G + HD 7600M N HD 7600M D,723,B
HD 8650G + R5 M200 Dual,723,B
R7 PRO A12 9800B,722,B
Asus GTX 650 FML II EC EGPU,721,B
Mobility Radeon HD 4870,720,B
HD 7540D + 6570 Dual,720,B
HD 8670D + HD 7000 Dual,719,B
HD 8470D + 6450 Dual,717,B
HD 8650G + HD 8570M Dual,716,B
HD 5600,712,B
HD 7660G + HD 8670M Dual,711,B
HD 3870 X2,709,B
Quadro K610M,708,B
HD 6550A,708,B
HD 7660G + HD 7670M Dual,707,B
HD 7640G + 7600M Dual,706,B
HD 7660G N HD 7660G + HD 7670M Dual,705,B
Tesla K40m,705,B
HD 7640G + HD 7600M Dual,704,B
R7 A12 9700P RADEON,703,B
GT 740A,702,B
HD 7570M/HD 7670M,699,B
TRINITY DEVASTATOR MOBILE,699,B
HD 7640G + 7700M Dual,691,B
R7E,690,B
HD 7640G + 8600/8700M Dual,689,B
GT 555M,688,B
HD 8650G + R5 M230 Dual,686,B
HD 6630M,685,B
HD 8550D,685,B
GT 630,683,B
HD 7640G N HD 7640G + HD 7670M Dual,680,B
HD 8650G N HD 8650G + HD 8600M N HD 8600M D,680,B
GTS 160M,679,B
HD 7640G + HD 8670M Dual,677,B
GT 530,676,B
GTX 285M,676,B
Quadro FX 4700 X2,676,B
HD 8610G + R5 M200 Dual,676,B
R7 A360,676,B
GT 640M LE,673,B
HD 610,673,B
R8 M535DX,670,B
HD 7640G + HD 8500M N HD 8500M Dual,666,B
FirePro M7740,665,B
HD 8550G + 8690M Dual,664,B
Quadro 500M,664,B
FirePro V3900,662,B
HD 5600/5700,661,B
FireGL V7700,660,B
HD 2900 XT,660,B
HD 8730M,659,B
GT 140,658,B
HD 8550G + HD 8600/8700M Dual,655,B
GTS 360M,655,B
HD 7640G + 8750M Dual,655,B
HD 8650G + 8570M Dual,654,B
Professional HD Driver,654,B
HD 7520G + HD 8750M Dual,651,B
SUMO 9640,650,B
R5 M430,649,B
FireStream 9170,647,B
HD 6670 + 6670 Dual,647,B
HD 8610G + HD 8500M Dual,646,B
R7 M340,646,B
HD 7640G + 7670M Dual,645,B
HD 7540D + HD 6450 Dual,643,B
R7 PRO A12 8800B,642,B
8800 Ultra,639,B
GT 710,637,B
HD 7640G + 7400M Dual,637,B
HD 8450G + 8750M Dual,637,B
9800 S,636,B
Matrox C420 LP PCIe x16,635,B
NVS 5400M,635,B
HD 8650G + 8670M Dual,635,B
HD 8650G + HD 7670M Dual,634,B
HD 7660D + HD 7000 Dual,634,B
HD 7730M,634,B
HD 7610M,632,B
9800 GTX/9800 GTX+,632,B
HD 7640G + HD 7700M N HD 7700M Dual,631,B
HD 7660G + 7470M Dual,631,B
HD 8510G + HD 8500M Dual,630,B
GRID K160Q,628,B
Quadro FX 3800M,628,B
HD 2900 PRO,628,B
GT 820M,627,B
HD 4600,627,B
HD 7640G + 7500/7600 Dual,627,B
HD 8650G + 8500M Dual,627,B
R7 A8 PRO 7600B,627,B
HD 7520G + HD 8600/8700M Dual,624,B
HD P4600/P4700,624,B
HD 515,623,B
810A,622,B
GTS 240,622,B
GTX 280M,621,B
HD 7640G + HD 7400M Dual,621,B
HD 8570 + 8670D Dual,620,B
HD 510,619,B
HD 8550G + R5 M200 Dual,619,B
HD 8550G + 8600M Dual,618,B
GTS 250,618,B
HD 7500G + 7500M/7600M Dual,617,B
FireGL V7600,616,B
HD 7660G + HD 7600M Dual,616,B
HD 7570,613,B
HD 8650G + 8600M Dual,613,B
HD 8550G N HD 8550G + HD 8600M N HD 8600M D,612,B
7900 MOD Radeon HD 6520G,610,B
Quadro K510M,610,B
HD 8610G + 8500M Dual,610,B
HD 7640G + HD 8500M Dual,607,B
GT 720,606,B
HD 8650G + HD 8600M Dual,606,B
HD P4600,605,B
HD 8550G + 8500M Dual,603,B
GT 430,603,B
GT 720A,601,B
HD 8610G + 8670M Dual,600,B
Quadro 1000M,599,B
8800 GTX,597,B
R5 M330,596,B
HD 8510G + 8500M Dual,596,B
HD 7640G + 7470M Dual,595,B
GT 735M,594,B
HD 8550G + HD 8600M Dual,594,B
HD 7520G + 7600M Dual,591,B
8800 GTS 512,591,B
HD 8610G + 8600M Dual,589,B
HD 7640G + HD 7700M Dual,589,B
HD 7660G + 8670M Dual,588,B
HD 7660G + 7400M Dual,588,B
HD 7520G + 7610M Dual,588,B
HD 7640G + HD 8600/8700M Dual,587,B
HD 7640G + 8500M Dual,586,B
HD 8650G + HD 8670M Dual,585,B
HD 7520G + 7500/7600 Dual,582,B
HD 5500,582,B
GT 550M,580,B
HD 8550G + 8670M Dual,579,B
910M,578,B
HD 8450G + R5 M230 Dual,578,B
HD 8610G + HD 8670M Dual,578,B
HD 7620G + 8670M Dual,577,B
Skylake HD DT GT2,577,B
R7 M265,576,B
HD 3870,576,B
R5 A240,576,B
HD 8450G + HD 8670M Dual,575,B
R5 420,575,B
HD 7520G + HD 7700M Dual,575,B
HD 7520G N HD 7520G + HD 7500/7600 7500/760,575,B
i gfx driver ci master 9938 DCH I,573,B
R6 M255DX,572,B
R6 + R7 M265DX Dual,571,B
HD 7560D + 6450 Dual,569,B
GTS 250M,569,B
820A,568,B
HD 6610M,565,B
HD 7650A,564,B
HD 7560D + R5 235 Dual,563,B
HD 5000,563,B
GT 635M,563,B
R7 A10 PRO 7800B,562,B
Quadro FX 5600,562,B
HD 7640G + R5 M200 Dual,559,B
HD 8550G + HD 8500M Dual,559,B
HD 7640G + 8570M Dual,558,B
HD 7640G + 8670M Dual,558,B
HD 7600G + HD 7500M/7600M Dual,555,B
GF117,554,B
615,552,B
R7 M360,552,B
R7 7850A10 7850K,551,B
FireGL V8650,550,B
GT 630M,549,B
R5 M335,549,B
Mobility Radeon HD 3870,548,B
HD 8670D,548,B
FirePro 3D V5700,547,B
Quadro 600,546,B
HD 8550G + HD 8670M Dual,546,B
FirePro 3D V7750,545,B
HD 7520G + HD 7400M Dual,545,B
HD 8450G + 8600M Dual,545,B
Mobility Radeon HD 5570,544,B
HD 7600G + HD 8670M Dual,544,B
GT 240,543,B
Quadro FX 2700,543,B
HD 7520G + 7470M Dual,543,B
KV SPECTRE LITE MOBILE 25W,538,B
9800 GTX+,538,B
GRID K180Q,534,B
NVS 5200M,534,B
HD 7560D + HD 7000 Dual,534,B
HD 8550G + 8570M Dual,533,B
HD6530D,532,B
HD 8550G + HD 8570M Dual,529,B
HD 7640G + 6400M Dual,527,B
HD 7600G N HD 7600G + HD ON HD Dual,526,B
HD 8650D,526,B
HD 7660D + R5 235 Dual,524,B
HD 7520G + 7670M Dual,523,B
HD 4400,521,B
GT 435M,521,B
MCT USB3.0 External Device,520,B
R5 240,520,B
HD 8670M,520,B
HD 7640G + HD 7670M Dual,519,B
8800 GT,519,B
GT 425M,517,B
IncrediblE HD 4000,517,B
HD P4000,516,B
R5 330,513,B
6600M,513,B
Mobility Radeon HD 4830,512,B
820M,511,B
HD 7640G + 7610M Dual,510,B
HD 7600G + HD 7550M Dual,509,B
HD 7620G + 8600M Dual,509,B
HD 7620G + HD 8670M Dual,507,B
9600 GT,505,B
GTS 150M,504,B
HD 7660D,504,B
HD 8450G + HD 8750M Dual,504,B
R7 M265DX,499,B
TRINITY SCRAPPER MOBILE,498,B
SUMO 964A,498,B
HD 7500G + 7550M Dual,497,B
ASUS EAH4870x2,496,B
R5 M255,496,B
HD 6570,496,B
HD 7520G + HD 7670M Dual,495,B
GT625M,493,B
GT 540M,493,B
Vega 2,491,B
HD8530M,490,B
HD 8670D N HD 8670D + HD 8670D Dual,489,B
HD 8550G + R5 M230 Dual,488,B
Mobility Radeon HD 5730,487,B
HD 7520G + 7400M Dual,487,B
R4E,487,B
HD 7670M,485,B
HD 8610G + HD 8600M Dual,481,B
9800 GT,481,B
Quadro K500M,480,B
Mobility Radeon HD 5000 Serisi,479,B
HD 8650G,479,B
Mobility Radeon HD 3870 X2,478,B
R5 M315,476,B
HD 7660G,476,B
HD 7640G + HD 8570M Dual,475,B
HD 8450G + 8670M Dual,475,B
HD 5570,473,B
FirePro 3D V3800,472,B
HD 7560D,472,B
HD 8570D + R5 235 Dual,471,B
HD 7600G + 8500M/8700M Dual,470,B
R5 M420,470,B
Quadro FX 1800M,469,B
800M,468,B
Quadro FX 3600M,467,B
GT 720M,467,B
Quadro FX 3700M,467,B
HD 8690A,466,B
SUMO 9644,466,B
HD 7660D + 7470 Dual,466,B
FirePro V5700,465,B
HD 7550M,465,B
Mobility Radeon HD 4670,463,B
8800M GTX,462,B
9800M GTX,462,B
9800M GS,460,B
GT 525M,460,B
HD 7660G + HD 7600M N HD 7600M Dual,460,B
705M,456,B
HD 7520G + 7650M Dual,453,B
HD 7620G N HD 7620G + HD 8600M N HD 8600M D,452,B
HD 8450G + HD 8600M Dual,452,B
HIS DIGITAL HD 4650 AGP,452,B
R7 M260,452,B
Mobility Radeon HD 5650,451,B
HD 7650M,451,B
710A,451,B
HD Family,451,B
710M,450,B
Qualcomm Adreno 680 GPU,449,B
HD 7640G,448,B
HD 7520G + HD 7600M Dual,447,B
HD 7660G + 8600M Dual,446,B
PHDGD Ivy 5,445,B
HD 7570M,445,B
GT 320,444,B
GT 710M,444,B
HD 8350G,443,B
HD 7620G + HD 8600M Dual,443,B
8800 GTS,440,B
Quadro FX 4600,437,B
Quadro 410,436,B
HD 8410G,435,B
HD 7600G + HD Dual,435,B
GT 625M,435,B
HD 8570D,434,B
Quadro FX 2800M,433,B
HD 3850 AGP,432,B
R5 M240,432,B
GT 620M,431,B
800A,428,B
9800M GT,424,B
HD 7640G + HD 7500/7600 Dual,424,B
HD 7600G + 7550M Dual,423,B
HD 7640G N HD 7640G + HD 8570M Dual,423,B
HD6410D,423,B
GT 330,422,B
HD 8570M,422,B
4th Generation Haswell HD,420,B
R5 M320,418,B
GT 420M,418,B
HD 6550D,417,B
HD 8610G,414,B
GTX 260M,412,B
GT 420,411,B
HD 3850,410,B
GTS 350M,408,B
HD 7470M,408,B
HD 7640G + HD 7600M N HD 7600M Dual,407,B
FirePro M2000,406,C
HD 7600G + 7500M/7600M Dual,406,C
E4690,405,C
Quadro FX 1800,405,C
HD 8550G,403,C
810M,402,C
Mobility Radeon HD 4650,401,C
GT 335M,400,C
HD 8500M,397,C
R5 Opteron X3216,394,C
R5 M230,391,C
HD 7600G + 7450M Dual,390,C
IncrediblE HD,389,C
HD 5300,389,C
7900 GTX,388,C
Quadro FX 3700,384,C
HD 4670,384,C
HD 5550,383,C
8800M GTS,382,C
9800M GTS,379,C
HD 6490M,378,C
HD 7520G + 8750M Dual,377,C
HD 7600G + 6400M Dual,377,C
HD 8570D + HD8490 Dual,374,C
PHDGD Ivy 4,374,C
UHD 605,370,C
GT 610M / GT 620M / GT 710M / GT 720M / GT,369,C
Matrox Millennium P690 PCIe x16,367,C
Mobility Radeon HD 3850,366,C
HD 7620G,366,C
HD4670,366,C
HD 7520G N HD 7520G + HD 7600M N HD 7600M D,365,C
GT 620,365,C
HD 7660G + HD 8600M Dual,364,C
HD 8470D,362,C
HD 8510G,361,C
HD 8450G,361,C
Quadro FX 2700M,358,C
HD 7500G + HD 7500M/7600M Dual,356,C
GT 705,355,C
HD 6620G,355,C
Mobility Radeon HD 565v,353,C
HD 6480M,353,C
HD 7580D,351,C
9600 GSO,350,C
GT 130,347,C
9600 GSO 512,345,C
7950 GT,344,C
FirePro 3D V3750,341,C
HD 8310E,341,C
FireGL V5600,341,C
HD 7660D + HD 7400 Dual,340,C
HD 505,339,C
HD 8570D + HD 8470 Dual,338,C
HD 7540D,336,C
FirePro RG220,335,C
HD 4000,333,C
R5 310,332,C
8800 GS,332,C
FirePro V3800,332,C
HD 7500G,330,C
HD 7450M,330,C
GT 625,329,C
HD 7600G + HD 7400M Dual,329,C
R5 235,329,C
UHD 600,328,C
9700M GTS,326,C
GT 120 / 9500 GT,325,C
HD 6530D,325,C
E6460,324,C
GT 230,322,C
240M GT,320,C
HD 7600G,320,C
HD6370D,320,C
HD 8280,319,C
Mobility Radeon HD 560v,318,C
HD 7470,316,C
HD 7520G,312,C
HD 7420G,311,C
HD 7520G + 8600/8700M Dual,311,C
HD 8370D,311,C
Quadro FX 3500M,306,C
605,305,C
GT 610,303,C
R1E,301,C
Q965/Q963 Express,300,C
HD 6520G,300,C
R5E,300,C
HD P3000,297,C
GT 520,297,C
HD 500,294,C
9600M GT / GeForce GT 220M,293,C
GT 520MX,293,C
GRID K120Q,293,C
610M,292,C
Quadro FX 3500,292,C
HD 2900 GT,292,C
7800 GTX,291,C
IncrediblE HD 3000,291,C
HD 7450A,288,C
7950 Xtreme,288,C
GT 520M,288,C
GT 415M,286,C
NVS 315,286,C
Mobile Intel HD,285,C
HD 7480D,285,C
Mobility Radeon HD 5165,284,C
HD 2600 XT,283,C
R5 235X,280,C
9600 GS,279,C
HD 6370M,276,C
HD 8400E,273,C
9650M GS,270,C
Go 7900 GTX,270,C
HD 8280G,270,C
Qualcomm Adreno 630 GPU,268,C
HD 5470,268,C
HD 7400G,267,C
GT 120M,266,C
Mobility Radeon HD 550v,266,C
HD 8490,265,C
Go 7950 GTX,264,C
HD 6450A,260,C
HD 6480G,259,C
7900 GT,258,C
HD 8400,258,C
HD 3000,257,C
HD 8470,257,C
NVS 4200M,257,C
510,257,C
7900 GS,254,C
Quadro NVS 510M,254,C
HD 6370D,254,C
HD 8330,252,C
HD 7640G + 8600M Dual,250,C
410M,250,C
GT 415,248,C
7900 GT/GTO,247,C
CARRIZO 9874,247,C
7800 GT,244,C
HD 6410D,243,C
NVS 310,242,C
Quadro FX 5500,242,C
HD 8330E,242,C
HD 8240,241,C
HD 8280E,241,C
HD4650,240,C
HD 7640G + R5 M230 Dual,239,C
Mobility Radeon HD 5470,236,C
Quadro FX 4500 X2,236,C
HD 4550,236,C
Mobility Radeon HD 3670,232,C
E6465,231,C
R2E,229,C
HD 6470M,228,C
Quadro FX 4500,226,C
R5 230,222,C
HD6450,221,C
HD 7340M,221,C
HD 7450,221,C
A6 Micro 6500T Quad Core APU with RadeonR4,220,C
320M,219,C
Mobility FireGL V5725,219,C
Quadro FX 880M,219,C
HD 4650,219,C
Quadro FX 2500M,218,C
9700M GT,217,C
HD 6320 Graphic,216,C
Mobility Radeon. HD 5470,215,C
Mobility Radeon HD 5450,214,C
HD 2000,213,C
WinFast GT 610,212,C
2nd Generation SandyBridge HD,212,C
GT 220,211,C
HD 2600 PRO,211,C
Go 7800 GTX,210,C
Go 7600 GT,210,C
GT 330M,209,C
HD 4650 AGP,208,C
HD 8250,208,C
R3E,206,C
i gfx driver ci master 9938,206,C
Barco MXRT 1450,206,C
GT 240M,205,C
2nd Generation SandyBridge HD 3000,205,C
Quadro NVS 290,205,C
HD 6380G,204,C
7600 GT,204,C
7950 GX2,202,C
GT 230M,201,C
G200,200,C
Mobility Radeon HD 545v,200,C
HD 6450,200,C
HD7450,199,C
Quadro FX 770M,198,C
HD 6320M,198,C
HD 7340G,196,C
6800 GS,195,C
Infoshock HD,194,C
HD 8210E,194,C
HD 6430M,193,C
HD 7350,193,C
Mobility Radeon HD 2600 XT,192,C
Mobility Radeon HD 4550,191,C
HD 8210,191,C
NVS 5100M,190,C
Quadro FX 1500,190,C
Mobility Radeon HD 540v,188,C
505,187,C
Quadro FX 380,186,C
Quadro FX 1600M,186,C
Quadro FX 3450/4000 SDI,186,C
Mobility Radeon HD 5430,181,C
HD 7310G,181,C
FireGL V3600,180,C
Barco MXRT 7100,180,C
FirePro 3D V3700,179,C
HD 6230,179,C
7800 GS,177,C
Go 7900 GS,176,C
GT 120,175,C
Mobility Radeon HD 530v,175,C
HD 7310 Carte graphique,174,C
Quadro FX 1700M,173,C
GT 325M,171,C
Quadro FX 1500M,171,C
9200,171,C
HDG 4670,170,C
FirePro 2460,170,C
Mobility Radeon HD 2600,168,C
HD 7310M,166,C
HD manual gen9 2015 133271,165,C
HD 8350,165,C
VIA/S3G C 645/640 GPU,163,C
8600 GTS,161,C
315,159,C
7600 GS,158,C
9200M GE,157,C
9500 GS,157,C
HD 7340,157,C
Quadro FX 570,156,C
HD 4300/4500 Serisi,156,C
Quadro FX 580,155,C
8200,153,C
HD 8180,152,C
HD 3670,151,C
305M,151,C
X1950 CrossFire Edition,151,C
HD 3650 AGP,150,C
Quadro FX 3450,149,C
Go 7700,148,C
Mobility Radeon HD 4350,148,C
HD 6320,148,C
FirePro 2270,147,C
G100,147,C
ZX Chrome 645/640 GPU,147,C
Quadro 400,146,C
GT 130M,146,C
X1900 GT,146,C
S3 5400EW,145,C
Q35 Express,143,C
Q45/Q43 Express Chipset,142,C
HD 6300M,142,C
6800 GT,142,C
HD 6350,141,C
X1800 GTO,141,C
EG PARK,141,C
HD 4290,141,C
nForce 760i SLI,140,C
HD 6290M,140,C
6800 Ultra,139,C
Haswell HD GT2,139,C
NVS 2100M,139,C
Go 6800 Ultra,138,C
HD 5450,138,C
9650M GT,137,C
6600 GT,137,C
X1900 CrossFire Edition,137,C
Quadro FX 380 LP,136,C
R5 220,135,C
Mobility Radeon HD 4330,135,C
Mobility Radeon X1900,135,C
Mobility Radeon HD 4570,135,C
9500 GT,135,C
7300 GT,135,C
EAH5450,134,C
7650 GS,134,C
9800 GT 1024MB,134,C
G102M,134,C
9600M GT,132,C
RadeonT,132,C
MOBILITY RADEON X1800,130,C
X800 SE,130,C
HD 7310,130,C
Mobility Radeon HD 3650,130,C
9300 / nForce 730i,129,C
FireGL V7300,128,C
6800 XT,128,C
8400 GS,128,C
Go 7600,128,C
Quadro NVS 320M,128,C
All in Wonder X1900,127,C
9300,127,C
HD 3300,127,C
205,126,C
Seria Mobility Radeon HD 3400,125,C
Quadro FX 380M,124,C
Quadro FX 1400,124,C
8700M GT,124,C
M76M,124,C
HD 7290M,123,C
HD 4250,123,C
Matrox G200e WDDM 2.0,123,C
Haswell HD GT1,123,C
HD 6310,123,C
9500M G,122,C
G210M,122,C
310,122,C
405,122,C
GT 220M,121,C
HD 2400,121,C
Extreme AX850 PRO,120,C
Qualcomm Adreno 540 GPU,120,C
Qualcomm Adreno 618 GPU,120,C
HD 2400 XT,119,C
9600M GS,119,C
RV530 PRO,119,C
Quadro FX 1700,118,C
HD 3450,118,C
FireMV 2260,117,C
8600 GT,117,C
Mobile Intel 45 Express Chipsatzfamilie,117,C
PHDGD Quantic C3,117,C
X1700 Targa Edition,117,C
315M,116,C
FireGL V7200,116,C
X1600 XT,116,C
FireGL V5200,115,C
8500 GT,115,C
Go 7800,115,C
NVS 3100M,115,C
HD 7290,115,C
X800 GTO,115,C
NVS 300,114,C
Quadro FX 560,114,C
HD 2400 Pro,114,C
Sapphire RADEON X800 GT,113,C
FirePro 2260,113,C
6800,113,C
X1950 Pro,113,C
HD Modded,112,C
9400,112,C
HD 4200,112,C
FireGL V7350,111,C
310M,111,C
9200M GS,111,C
9300 GS,111,C
Mobility Radeon HD 3400 Serisi,111,C
Quadro FX 570M,111,C
6800 LE,110,C
HD 2600 Pro AGP,110,C
HD 4270,110,C
VIA/S3G Chrome 645/640 GPU,110,C
XFX Radeon HD 4650 AGP,110,C
HD 6290,109,C
HD 4330,109,C
G105M,108,C
Quadro FX 370 LP,108,C
GT 320M,107,C
Infoshock 3000,107,C
Go 6800,106,C
GeForce9400M,106,C
X1950 GT,106,C
9400 GT,105,C
9450,105,C
Mobility Radeon X1700,105,C
9500M GS,104,C
9500M,104,C
Quadro FX 3400/4400,104,C
M880G with Mobility Radeon HD 4250,104,C
6800 GS/XT,103,C
FireGL V3400,103,C
G210,103,C
Quadro FX 370 Low Profile,103,C
HD 4350,103,C
8300,102,C
Mobility Radeon HD 2400 XT,102,C
Quadro FX Go1400,102,C
Quadro FX 4000,101,C
Media Accelerator HD,99,C
X1600 Pro,99,C
3000,98,C
ION LE,98,C
9300GE,98,C
Mobility Radeon HD 3430,98,C
Mobility Radeon HD 4250,98,C
X800 XT,98,C
8400M GS,98,C
Quadro NVS 130M,97,C
Mobility Radeon HD serie 4200,97,C
210,97,C
6700 XL,95,C
MEDION RADEON X740XL,95,C
Matrox G200eW3 WDDM 2.0,94,C
Mobility Radeon HD 3470 Hybrid X2,94,C
HD 6250,94,C
Mobility Radeon HD 3470,93,C
FireGL V5100,93,C
M880G with Mobility Radeon HD 4200,93,C
Quadro NVS 150M,93,C
Mobility Radeon HD 4270,93,C
Quadro FX 370M,93,C
G205M,92,C
9300M GS,92,C
Mobility Radeon X1600,92,C
8600 GS,92,C
X600XT,92,C
nForce 780a SLI,92,C
Mobility Radeon HD 4200,91,C
Mobility Radeon HD 3450,91,C
Mobility Radeon HD 2400,90,C
HD 3470,90,C
6610 XL,89,C
8600M GT,89,C
6600,88,C
7500 LE,87,C
Quadro FX 360M,87,C
G33/G31 Express,86,C
ION,86,C
Quadro FX 350,86,C
FireGL V3200,85,C
9300M G,85,C
X1650 Pro,85,C
Quadro FX 370,84,C
X800 GT,84,C
X1300 PRO,84,C
9300 GE,84,C
999 GTX,84,C
ALL IN WONDER X800 GT,84,C
G41 Express Chipset,83,C
nForce 750a SLI,83,C
9300 SE,82,C
7300 GS,82,C
9100,82,C
MOBILITY FireGL V5000,82,C
Mobility Radeon X2500,82,C
HD 3200,82,C
X850 XT Platinum Edition,82,C
nForce 980a/780a SLI,82,C
X800 XT Platinum Edition,81,C
Quadro FX 540,81,C
Mobility Radeon 4100,81,C
8400,81,C
X850 XT,81,C
X800GT,80,C
8100 / nForce 720a,79,C
7300 LE,78,C
HD 2350,77,C
M860G with Mobility Radeon 4100,76,C
Quadro NVS 160M,76,C
X700 PRO,76,C
9400M,75,C
G45/G43 Express Chipset,75,C
Quadro NVS 295,75,C
X1650 GTO,75,C
FireMV 2450,74,C
7350 LE,74,C
3100,74,C
X700,73,C
X800 PRO/GTO,73,C
X850 PRO,73,C
Mobility Radeon HD 4300 Serisi,73,C
8600M GS,73,C
M880G with Mobility Radeon HD 4225,72,C
MEDION RADEON 9800 XXL,72,C
FireGL V7100,72,C
8200M G,72,C
X1650 SE,71,C
X550XTX,71,C
X700 SE,71,C
FireGL V3300,71,C
BASICDISPLAY,70,C
Diamond X1300 PCIE 256MB,70,C
9100M G,70,C
Quadro NVS 420,70,C
FireGL V3350,69,C
Go 6600,69,C
Quadro FX 3000,69,C
X1600 Pro / X1300XT,69,C
X800 XL,69,C
8400 SE,68,C
9400M G,68,C
B43 Express Chipset,68,C
G45/G43/G41 Express Chipset,68,C
Matrox G200eR WDDM 2.0,68,C
Quadro NVS 135M,67,C
256MB RADEON X600,67,C
8300 GS,67,C
X1550,67,C
MOBILITY RADEON X700,67,C
128MB DDR Radeon 9800 Pro,66,C
Go 7400,66,C
Mobility Radeon HD 4225,66,C
G 105M,65,C
X800 PRO,65,C
Quadro NVS 450,64,C
Quadro FX 550,64,C
M71 M,64,C
8400M GT,64,C
HD manual 15.28 1861,63,C
Mobility Radeon HD 3410,63,C
128 DDR Radeon 9800 Pro,62,C
MOBILITY FireGL V3200,62,C
SAPPHIRE Radeon X1550,61,C
G 103M,61,C
MOBILITY RADEON X700 XL,60,C
2100,60,C
8400M G,59,C
Matrox G200e WDDM 1.2,59,C
FX 5950 Ultra,59,C
9800 PRO,59,C
6800 XE,59,C
FireGL X1,59,C
9800,58,C
Mobile Intel 965 Express,58,C
X1300,58,C
Express Chipset Q45/Q43,58,C
Express Chipset G41,57,C
X600 256MB HyperMemory,57,C
9800 XT,57,C
G41 Express Chipsatz,57,C
Q45/Q43 Express Chipsatz,57,C
X550XT,56,C
9700 PRO,54,C
FireGL V3100,53,C
Go 7300,52,C
Matrox G200eh WDDM 1.2,52,C
7100 GS,52,C
E2400,52,C
Xpress 1300,52,C
FX Go5700,51,D
FirePro 2450,51,D
X550,51,D
6600 LE,51,D
Mobility Radeon HD 2300,51,D
Matrox G200eW WDDM 1.2,50,D
MOBILITY RADEON X600,50,D
MOBILITY RADEON X600 SE,49,D
7300 SE/7200 GS,49,D
128MB RADEON X600 SE,49,D
X1050,49,D
Mobility Radeon X2300 HD,49,D
X1600,49,D
Quadro NVS 140M,49,D
Quadro NVS 110M,48,D
Mobility Radeon X2300,48,D
X1550 64 bit,48,D
SAPPHIRE RADEON 9600 ATLANTIS,47,D
Quadro NVS 120M,47,D
FireMV 2250,46,D
6200 TurboCache,46,D
MOBILITY RADEON 9800,46,D
MOBILITY FireGL V5200,45,D
Matrox G200eh WDDM 2.0,45,D
Mobile Intel serie 4 Express,45,D
Quadro FX 350M,45,D
Matrox G200eR WDDM 1.2,45,D
Go 6600 TE/6200 TE,45,D
Go 7200,45,D
Mobile Intel 4 Express Chipsatzfamilie,45,D
128 DDR Radeon 9700 TX w/TV Out,44,D
Xpress 1250,43,D
Mobility Radeon X1400,43,D
9600 PRO,43,D
Matrox M9138 LP PCIe x16,42,D
Mobile Intel 45 Express,42,D
9500 PRO / 9700,42,D
FX 5900 Ultra,41,D
FX 5700,41,D
MOBILITY FIREGL T2,41,D
Matrox G200eh,41,D
Gigabyte RADEON X300,41,D
Matrox G200eW,40,D
FX 5900XT,40,D
Mobility Radeon X1300,40,D
S3 Chrome 430 ULP,40,D
Xpress 1300M,40,D
Mobility Radeon X1350,40,D
Mobile Intel famiglia Express Chipset 45,39,D
7300 SE,39,D
Quadro NVS 285,39,D
MOBILITY RADEON 9600/9700,39,D
GIGABYTE RADEON 9600 PRO,39,D
7050 / nForce 620i,39,D
256MB DDR Radeon 9800 XT,38,D
Quadro NVS 440,38,D
X300SE,38,D
7050 / nForce 630i,38,D
Quadro NVS 285 128MB,38,D
6500,38,D
6200SE TurboCache,37,D
Matrox G200eR,37,D
X1250,37,D
FireMV 2200 PCIe,36,D
Quadro FX 1100,36,D
MOBILITY RADEON 9600,36,D
9500,36,D
Xpress 1200,36,D
CONNECT 3D RADEON X300,36,D
9600 XT,35,D
7100 / nForce 630i,35,D
6200,35,D
PCX 5750,35,D
FX 5900,35,D
9550,35,D
MOBILITY RADEON X300,34,D
MOBILITY FIREGL T2/T2e,34,D
Xpress 1100,34,D
Quadro FX 1300,34,D
7025 / nForce 630a,34,D
FX 5700 Ultra,34,D
PCX 5900,34,D
Quadro FX 1000,34,D
FX 5700VE,33,D
Media Accelerator,33,D
6150 LE,33,D
7150 / nForce 630i,33,D
S3 Chrome S27 DDR3,33,D
X1200,33,D
FX 5900ZT,33,D
Mobility Radeon X1450,33,D
Matrox M9148 LP PCIe x16,32,D
Red Hat QXL controller,32,D
6200 A LE,32,D
FireGL T2 128,31,D
6200 LE,31,D
7050 PV / nForce 630a,31,D
OpenXT Display Driver,31,D
X1270,31,D
XPRESS 200,30,D
6150SE nForce 430,30,D
All in Wonder X1800XL,30,D
Xpress 1150,30,D
MOBILITY RADEON 9550,30,D
Matrox M9128 LP PCIe x16,29,D
9550 / X1050,29,D
9600SE,27,D
MOBILITY RADEON 9700,27,D
MOBILITY FireGL V5250,27,D
6100,27,D
9600 PRO Family,27,D
Xpress 1270,27,D
MOBILITY RADEON XPRESS 200,27,D
PHDGD Sapphire GR for Mobile Intel 965,26,D
7100 / nForce 620i,26,D
Matrox M9120 Plus LP PCIe x16,26,D
Matrox M9125 PCIe x16,26,D
MOBILITY RADEON 9600 PRO TURBO,25,D
9600 Family,25,D
6100 nForce 405,25,D
G965 Express,25,D
6100 nForce 400,25,D
6150SE,25,D
FX 5700LE,25,D
6100 nForce 420,25,D
Mobile Intel 965 Express Chipsatzfamilie,24,D
Go 6400,24,D
Quadro NVS 210S,24,D
7050 / nForce 610i,24,D
9800 SE,24,D
ALL IN WONDER 9800,23,D
6100 nForce 430,23,D
7200 GS,23,D
Matrox M9140 LP PCIe x16,23,D
A9800XT,23,D
XPRESS 200M,23,D
6150,22,D
9xx Soldiers sans frontiers Sigma 2,22,D
Quadro NVS 210S / GeForce 6150LE,21,D
Matrox M9120 PCIe x16,20,D
PHDGD Solo 2 x64,20,D
Go 6150,19,D
QXL KMDOD,19,D
FX Go 5600,18,D
Go 6100,18,D
Quadro FX 2000,18,D
9600 TX Family,18,D
XPRESS 200 CROSSFIRE,18,D
S3 Chrome S25 DDR2,18,D
Mobile Intel965 Express,18,D
7150M / nForce 630M,18,D
FX 5600 Ultra,17,D
FX Go5650,17,D
Go 6200,15,D
NV44,15,D
82945G Express,14,D
HD 2400 PCI,14,D
Quadro FX 500/600 PCI,14,D
FX 5600,13,D
FX Go5300,13,D
7000M,13,D
7000M / nForce 610M,13,D
FX 5200SE,12,D
FX 5200 Ultra,12,D
FireMV 2400 PCIe,11,D
PHDGD Solo 1.2.0 x86,11,D
RGH Drivers v3,11,D
MOBILITY IGP 9000/9100,10,D
Familia Intel Q33 Express Chipset,10,D
Master X3100 Driver,10,D
Matrox Parhelia 256MB,9,D
VIA Chrome9 HD IGP,9,D
GeCube RADEON 7000,9,D
ASUS A7000,9,D
FX 5600XT,9,D
82945G Express Chipsatzfamilie,8,D
FX 5100,8,D
FX 5200,8,D
FX 5500,8,D
FX Go 5200,8,D
Q35 Embedded,8,D
ASUS V9520 X V62.11,8,D
Mobile Intel 965 Express BR 0907 0461 v1839,8,D
MOBILITY RADEON 9000 IGP,8,D
Quadro FX 500/FX 600,8,D
Quadro NVS 280 PCI,8,D
Matrox Millennium P690 Plus LP PCIe x16,7,D
GeForce4 Ti 4800 SE,7,D
Quadro4 380 XGL,7,D
US15 Embedded Media and Controller,7,D
8500 Family,7,D
GeForce4 Ti 4400,7,D
GeForce4 MX Integrated GPU,7,D
FX 5200LE,7,D
Famille de jeu de puces Express Intel 946GZ,7,D
Media Accelerator 600,7,D
ALL IN WONDER RADEON 8500DV,6,D
Mobile Intel 945GM Express,6,D
VIA/S3G UniChromeII,6,D
V9560XT V62.11,6,D
IGP 350M,6,D
Quadro NVS 55/280 PCI,6,D
MOBILITY RADEON 9000/9100 IGP,6,D
MOBILITY RADEON 7000 IGP,6,D
Matrox Parhelia APVe,6,D
9100 Family,6,D
GeForce4 Ti 4800,6,D
PCX 5300,6,D
GeForce4 Ti 4200,6,D
Quadro 280 NVS PCIe,6,D
82915G Express,6,D
64MB DDR GeForce3 Ti 200,6,D
GeForce4 Ti 4600,6,D
GeForce2 Ultra,6,D
GeForce4 440 Go 64M,6,D
GeForce4 448 Go,6,D
82865G Controller,5,D
GeForce4 420 Go 32M,5,D
GeForce4 MX 440 with AGP8X,5,D
GeForce4 MX 440,5,D
GeForce4 MX 420,5,D
GeForce4 MX 4000,5,D
GeForce4 440,5,D
GeForce2 MX with DVI D and TV out,5,D
GeForce3,5,D
915G/915GV/910GL Embedded Controller Functio,5,D
GeForce2 Ti,5,D
GeForce4 MX 440SE,5,D
256,5,D
WinFast A250 LE,5,D
ASUS AGP V3800PRO v31.40H,5,D
MOBILITY FIREGL 7800,5,D
ALL IN WONDER 9000,5,D
Mobile Intel 945GM/GU Express,5,D
9000,5,D
XGI Volari Family v1.13.23.D V,5,D
VIA/S3G UniChrome Pro IGP,5,D
SAPPHIRE RADEON 9000 ATLANTIS PRO,5,D
9100 IGP,5,D
7500 Family,5,D
Xabre,5,D
Quadro4 900 XGL,5,D
Quadro4 980 XGL,5,D
Matrox Millennium P650 PCIe 128,5,D
Q33 Express,5,D
945G Embedded Chipset Function 0,5,D
Quadro2 MXR/EX,5,D
7000 / RADEON VE Family,4,D
9000 Family,4,D
VIA Chrome9 HC IGP Family WDDM,4,D
IGP 320M,4,D
MOBILITY RADEON 7500,4,D
GeForce2 MX/MX 400,4,D
MOBILITY/RADEON 9000,4,D
IGP 320,4,D
RIVA TNT2 Model 64/Model 64 Pro,4,D
VIA Chrome9 HC IGP,4,D
VIA Chrome9 HC IGP Family,4,D
865 Embedded Controller,4,D
VIA/S3G KM400/KN400,4,D
GeForce2 GTS/GeForce2 Pro,4,D
6200A,4,D
GeForce2 Go,4,D
82915G/915GV/910GL,4,D
VIA/S3G UniChrome IGP,4,D
ABIT Siluro T400,4,D
"915G,910G Express",4,D
Dell 8200,4,D
GeForce2 Integrated GPU,4,D
GeForce3 Ti 200,4,D
GeForce4 4200 Go,4,D
GeForce4 440 Go,4,D
GeForce4 MX 460,4,D
GeForce2 MX 100/200,3,D
GeForce2 MX,3,D
AMIGAMERLIN 3.1 R1 For Voodoo 4 4500 PCI,3,D
Vanta/Vanta LT,3,D
64MB GeForce2 MX with TV Out,3,D
VIA Chrome9 HC IGP WDDM,3,D
GeForce3 Ti 500,3,D
RIVA TNT2/TNT2 Pro,3,D
7200,3,D
VIA Chrome9 HC IGP WDDM 1.1,3,D
VIA Chrome9 HC3 IGP,3,D
VIA/S3G DeltaChrome IGP,3,D
S3 Inc. Savage4,3,D
9250,3,D
82845G/GL Controller,3,D
IGP 345M,3,D
GeForce4 420 Go,3,D
IGP 340M,3,D
7500,3,D
MOBILITY RADEON 9000,3,D
9200 PRO Family,3,D
9200 LE Family,3,D
Rage Fury Pro/Xpert 2000 Pro,3,D
7000 / Radeon VE,3,D
GMA 3150 Express,3,D
MOBILITY RADEON 9200,3,D
82915G/GV/910GL Express,3,D
82915G/GV/910GL Advanced v3.5,3,D
946GZ Express,3,D
Media Accelerator 3150,3,D
Media Accelerator 500,3,D
Matrox Parhelia 128MB,3,D
9200 SE,3,D
MOBILITY RADEON 9100 IGP,3,D
946GZ Embedded Chipset Function 0,3,D
82845G/GL/GE/PE/GV Controller,3,D
Mobile Intel 945 Express,2,D
Dell 8100,2,D
82845G Controller,2,D
Extreme Controller,2,D
Mobile Intel 915GM/GMS/910GML Express,2,D
S3 SuperSavage/IXC 1014,2,D
IGP 34xM,2,D
VIA Chrome9 HC IGP Prerelease WDDM 1.1,2,D
VIA Chrome9 HCM IGP,2,D
Quadro NVS 280 SD,2,D
VisionTek Radeon 7000,2,D
FireMV 2200 PCI,1,D
82852/82855 GM/GME Controller,1,D
Quadro2 Pro,1,D
Rage 128 Pro,1,D
RAGE 128 PRO AGP 4X TMDS,1,D
S3 ProSavageDDR,1,D
